<?xml version="1.0" encoding="UTF-8"?><ActivityDefinition xmlns="http://hl7.org/fhir"><id value="OrderCBCActivity"/><meta><profile value="http://hl7.org/fhir/uv/cpg/StructureDefinition/cpg-servicerequestactivity"/></meta><extension url="http://hl7.org/fhir/uv/cpg/StructureDefinition/cpg-knowledgeCapability"><valueCode value="computable"/></extension><url value="http://example.org/ActivityDefinition/OrderCBCActivity"/><version value="0.1.0"/><name value="OrderCBCActivity"/><title value="Order CBC Activity"/><status value="draft"/><experimental value="true"/><date value="2024-05-17T14:59:55-04:00"/><publisher value="Example Publisher"/><contact><name value="Example Publisher"/><telecom><system value="url"/><value value="http://example.org/example-publisher"/></telecom></contact><description value="Order hemogram plus platelet count labratory panel"/><kind value="ServiceRequest"/><profile value="http://hl7.org/fhir/uv/cpg/StructureDefinition/cpg-servicerequest"/><intent value="proposal"/><doNotPerform value="false"/><productCodeableConcept><coding><system value="http://loinc.org"/><code value="58410-2"/><display value="CBC panel - Blood by Automated count"/></coding></productCodeableConcept></ActivityDefinition>