<?xml version="1.0" encoding="UTF-8"?><PlanDefinition xmlns="http://hl7.org/fhir"><id value="MethotrexateMonitoringRecommendation"/><meta><profile value="http://hl7.org/fhir/uv/cpg/StructureDefinition/cpg-recommendationdefinition"/></meta><extension url="http://hl7.org/fhir/uv/cpg/StructureDefinition/cpg-knowledgeCapability"><valueCode value="computable"/></extension><url value="http://example.org/PlanDefinition/MethotrexateMonitoringRecommendation"/><version value="0.1.0"/><name value="MethotrexateMonitoringRecommendation"/><title value="Methotrexate Monitoring Recommendation"/><type><coding><system value="http://terminology.hl7.org/CodeSystem/plan-definition-type"/><code value="eca-rule"/></coding></type><status value="draft"/><experimental value="true"/><date value="2024-05-17T14:59:55-04:00"/><publisher value="Example Publisher"/><contact><name value="Example Publisher"/><telecom><system value="url"/><value value="http://example.org/example-publisher"/></telecom></contact><description value="Monitoring tests for antirheumatic drug therapy for Methotrexate."/><relatedArtifact><type value="citation"/><citation value="Criswell LA, Saag KG, Sems KM et al. Moderate-term, low-dose corticosteroids for rheumatoid arthritis. Cochrane Database Syst Rev 2000;(2):CD001158 PubMed."/><url value="https://pubmed.ncbi.nlm.nih.gov/10796420"/><document><url value="https://pubmed.ncbi.nlm.nih.gov/10796420"/></document></relatedArtifact><library value="http://example.org/Library/ApplicabilityLogic"/><action><extension url="http://hl7.org/fhir/StructureDefinition/cqf-qualityOfEvidence"><valueCodeableConcept><coding><system value="http://terminology.hl7.org/CodeSystem/evidence-quality"/><code value="high"/></coding></valueCodeableConcept></extension><extension url="http://hl7.org/fhir/StructureDefinition/cqf-strengthOfRecommendation"><valueCodeableConcept><coding><system value="http://terminology.hl7.org/CodeSystem/recommendation-strength"/><code value="strong"/></coding></valueCodeableConcept></extension><extension url="http://hl7.org/fhir/uv/cpg/StructureDefinition/cpg-directionOfRecommendation"><valueCodeableConcept><coding><system value="http://hl7.org/fhir/uv/cpg/CodeSystem/cpg-recommendation-direction"/><code value="for"/></coding></valueCodeableConcept></extension><title value="Order monitoring tests for antirheumatic drug therapy (Methotrexate)."/><description value="Order monitoring tests for antirheumatic drug therapy (Methotrexate)."/><code><coding><system value="http://hl7.org/fhir/uv/cpg/CodeSystem/cpg-common-process"/><code value="diagnostic-testing"/></coding></code><condition><kind value="applicability"/><expression><language value="text/cql-identifier"/><expression value="Should order CBC if on Methotrexate therapy and missing test"/></expression></condition><input><type value="Observation"/><profile value="http://example.org/StructureDefinition/ActiveMethotrexateFeature"/></input><input><type value="Observation"/><profile value="http://example.org/StructureDefinition/LastCbcPanelReportDateFeature"/></input><definitionCanonical value="http://example.org/ActivityDefinition/OrderCBCActivity"/></action></PlanDefinition>