<?xml version="1.0" encoding="UTF-8"?><ValueSet xmlns="http://hl7.org/fhir"><id value="observation-status"/><meta><lastUpdated value="2019-11-01T09:29:23.356+11:00"/><profile value="http://hl7.org/fhir/StructureDefinition/shareablevalueset"/></meta><text><status value="generated"/><div xmlns="http://www.w3.org/1999/xhtml"><ul><li>Include all codes defined in <a href="http://hl7.org/fhir/R4/codesystem-observation-status.html"><code>http://hl7.org/fhir/observation-status</code></a></li></ul></div></text><extension url="http://hl7.org/fhir/StructureDefinition/structuredefinition-wg"><valueCode value="oo"/></extension><extension url="http://hl7.org/fhir/StructureDefinition/structuredefinition-standards-status"><valueCode value="normative"/></extension><extension url="http://hl7.org/fhir/StructureDefinition/structuredefinition-fmm"><valueInteger value="5"/></extension><extension url="http://hl7.org/fhir/StructureDefinition/structuredefinition-normative-version"><valueCode value="4.0.0"/></extension><url value="http://hl7.org/fhir/ValueSet/observation-status"/><identifier><system value="urn:ietf:rfc:3986"/><value value="urn:oid:2.16.840.1.113883.4.642.3.400"/></identifier><version value="0.1.0"/><name value="ObservationStatus"/><title value="ObservationStatus"/><status value="active"/><experimental value="false"/><date value="2019-11-01T09:29:23+11:00"/><publisher value="Example Publisher"/><contact><name value="Example Publisher"/><telecom><system value="url"/><value value="http://example.org/example-publisher"/></telecom></contact><description value="Codes providing the status of an observation."/><immutable value="true"/><compose><include><system value="http://hl7.org/fhir/observation-status"/></include></compose></ValueSet>