<?xml version="1.0" encoding="UTF-8"?>

<Bundle xmlns="http://hl7.org/fhir">
  <id value="InitialBundle"/>
  <meta>
    <tag>
      <code value="test"/>
    </tag>
  </meta>
  <type value="collection"/>
  <entry>
    <fullUrl value="http://example.org/Patient/Patient1"/>
    <resource>
      <Patient>
        <id value="Patient1"/>
        <text>
          <status value="generated"/><div xmlns="http://www.w3.org/1999/xhtml"><a name="Patient_Patient1"> </a><p><b>Generated Narrative: Patient</b><a name="Patient1"> </a><a name="hcPatient1"> </a></p><div style="display: inline-block; background-color: #d9e0e7; padding: 6px; margin: 4px; border: 1px solid #8da1b4; border-radius: 5px; line-height: 60%"><p style="margin-bottom: 0px">Resource Patient &quot;Patient1&quot; </p></div><p><b>name</b>: Patient1 </p></div>
        </text>
        <name>
          <family value="Patient1"/>
        </name>
      </Patient>
    </resource>
  </entry>
  <entry>
    <fullUrl value="http://example.org/Practitioner/PractitionerShared"/>
    <resource>
      <Practitioner>
        <id value="PractitionerShared"/>
        <text>
          <status value="generated"/><div xmlns="http://www.w3.org/1999/xhtml"><a name="Practitioner_PractitionerShared"> </a><p><b>Generated Narrative: Practitioner</b><a name="PractitionerShared"> </a><a name="hcPractitionerShared"> </a></p><div style="display: inline-block; background-color: #d9e0e7; padding: 6px; margin: 4px; border: 1px solid #8da1b4; border-radius: 5px; line-height: 60%"><p style="margin-bottom: 0px">Resource Practitioner &quot;PractitionerShared&quot; </p></div><p><b>name</b>: practitionershared </p></div>
        </text>
        <name>
          <family value="practitionershared"/>
        </name>
      </Practitioner>
    </resource>
  </entry>
  <entry>
    <fullUrl value="http://example.org/Organization/OrganizationShared"/>
    <resource>
      <Organization>
        <id value="OrganizationShared"/>
        <text>
          <status value="generated"/><div xmlns="http://www.w3.org/1999/xhtml"><a name="Organization_OrganizationShared"> </a><p><b>Generated Narrative: Organization</b><a name="OrganizationShared"> </a><a name="hcOrganizationShared"> </a></p><div style="display: inline-block; background-color: #d9e0e7; padding: 6px; margin: 4px; border: 1px solid #8da1b4; border-radius: 5px; line-height: 60%"><p style="margin-bottom: 0px">Resource Organization &quot;OrganizationShared&quot; </p></div><p><b>name</b>: organizationshared</p></div>
        </text>
        <name value="organizationshared"/>
      </Organization>
    </resource>
  </entry>
  <entry>
    <fullUrl value="http://example.org/Encounter/Encounter1"/>
    <resource>
      <Encounter>
        <id value="Encounter1"/>
        <text>
          <status value="generated"/><div xmlns="http://www.w3.org/1999/xhtml"><a name="Encounter_Encounter1"> </a><p><b>Generated Narrative: Encounter</b><a name="Encounter1"> </a><a name="hcEncounter1"> </a></p><div style="display: inline-block; background-color: #d9e0e7; padding: 6px; margin: 4px; border: 1px solid #8da1b4; border-radius: 5px; line-height: 60%"><p style="margin-bottom: 0px">Resource Encounter &quot;Encounter1&quot; </p></div><p><b>status</b>: in-progress</p><p><b>class</b>: ambulatory (Details: http://terminology.hl7.org/CodeSystem/v3-ActCode code AMB = 'ambulatory', stated as 'ambulatory')</p><p><b>subject</b>: See on this page: Patient/Patient1</p><h3>Participants</h3><table class="grid"><tr><td style="display: none">-</td><td><b>Type</b></td><td><b>Individual</b></td></tr><tr><td style="display: none">*</td><td>primary performer <span style="background: LightGoldenRodYellow; margin: 4px; border: 1px solid khaki"> (<a href="http://terminology.hl7.org/5.5.0/CodeSystem-v3-ParticipationType.html">ParticipationType</a>#PPRF)</span></td><td>See on this page: Practitioner/PractitionerShared</td></tr></table><p><b>serviceProvider</b>: See on this page: Organization/OrganizationShared</p></div>
        </text>
        <status value="in-progress"/>
        <class>
          <system value="http://terminology.hl7.org/CodeSystem/v3-ActCode"/>
          <code value="AMB"/>
          <display value="ambulatory"/>
        </class>
        <subject>
          <reference value="Patient/Patient1"/>
        </subject>
        <participant>
          <type>
            <coding>
              <system value="http://terminology.hl7.org/CodeSystem/v3-ParticipationType"/>
              <code value="PPRF"/>
              <display value="primary performer"/>
            </coding>
          </type>
          <individual>
            <reference value="Practitioner/PractitionerShared"/>
          </individual>
        </participant>
        <serviceProvider>
          <reference value="Organization/OrganizationShared"/>
        </serviceProvider>
      </Encounter>
    </resource>
  </entry>
  <entry>
    <fullUrl value="http://example.org/MedicationRequest/MedicationRequest1"/>
    <resource>
      <MedicationRequest>
        <id value="MedicationRequest1"/>
        <text>
          <status value="generated"/><div xmlns="http://www.w3.org/1999/xhtml"><a name="MedicationRequest_MedicationRequest1"> </a><p><b>Generated Narrative: MedicationRequest</b><a name="MedicationRequest1"> </a><a name="hcMedicationRequest1"> </a></p><div style="display: inline-block; background-color: #d9e0e7; padding: 6px; margin: 4px; border: 1px solid #8da1b4; border-radius: 5px; line-height: 60%"><p style="margin-bottom: 0px">Resource MedicationRequest &quot;MedicationRequest1&quot; </p></div><p><b>status</b>: active</p><p><b>intent</b>: order</p><p><b>medication</b>: Sulfasalazine <span style="background: LightGoldenRodYellow; margin: 4px; border: 1px solid khaki"> (<a href="http://terminology.hl7.org/5.5.0/CodeSystem-v3-WC.html">WHO ATC</a>#A07EC01)</span></p><p><b>subject</b>: See on this page: Patient/Patient1</p></div>
        </text>
        <status value="active"/>
        <intent value="order"/>
        <medicationCodeableConcept>
          <coding>
            <system value="http://www.whocc.no/atc"/>
            <code value="A07EC01"/>
            <display value="Sulfasalazine"/>
          </coding>
        </medicationCodeableConcept>
        <subject>
          <reference value="Patient/Patient1"/>
        </subject>
      </MedicationRequest>
    </resource>
  </entry>
</Bundle>