{
  "resourceType" : "Bundle",
  "id" : "ExtractOutput2",
  "type" : "transaction",
  "entry" : [{
    "fullUrl" : "http://example.org/ActiveSulfasalazineFeature/ActiveSulfasalazineFeatureObservation1",
    "resource" : {
      "resourceType" : "Observation",
      "id" : "ActiveSulfasalazineFeatureObservation1",
      "meta" : {
        "profile" : ["http://example.org/StructureDefinition/ActiveSulfasalazineFeature"]
      },
      "text" : {
        "status" : "generated",
        "div" : "<div xmlns=\"http://www.w3.org/1999/xhtml\"><a name=\"Observation_ActiveSulfasalazineFeatureObservation1\"> </a><p><b>Generated Narrative: Observation</b><a name=\"ActiveSulfasalazineFeatureObservation1\"> </a><a name=\"hcActiveSulfasalazineFeatureObservation1\"> </a></p><div style=\"display: inline-block; background-color: #d9e0e7; padding: 6px; margin: 4px; border: 1px solid #8da1b4; border-radius: 5px; line-height: 60%\"><p style=\"margin-bottom: 0px\">Resource Observation &quot;ActiveSulfasalazineFeatureObservation1&quot; </p><p style=\"margin-bottom: 0px\">Profile: <a href=\"StructureDefinition-ActiveSulfasalazineFeature.html\">Active Sulfasalazine Feature</a></p></div><p><b>status</b>: final</p><p><b>code</b>: On Sulfasalazine Feature <span style=\"background: LightGoldenRodYellow; margin: 4px; border: 1px solid khaki\"> (<a href=\"CodeSystem-CaseFeatureCodes.html\">CaseFeatureCodes</a>#on-medication-sulfasalazine)</span></p><p><b>subject</b>: <a href=\"Patient-Patient1.html\">Patient/Patient1</a> &quot; PATIENT1&quot;</p><p><b>effective</b>: 2023-12-13</p><p><b>value</b>: true</p><p><b>derivedFrom</b>: <a href=\"Questionnaire/QuestionnaireResponse2\">Questionnaire/QuestionnaireResponse2</a></p></div>"
      },
      "status" : "final",
      "code" : {
        "coding" : [{
          "system" : "http://example.org/CodeSystem/CaseFeatureCodes",
          "code" : "on-medication-sulfasalazine"
        }]
      },
      "subject" : {
        "reference" : "Patient/Patient1"
      },
      "effectiveDateTime" : "2023-12-13",
      "valueBoolean" : true,
      "derivedFrom" : [{
        "reference" : "Questionnaire/QuestionnaireResponse2"
      }]
    },
    "request" : {
      "method" : "PUT",
      "url" : "ActiveSulfasalazineFeature/ActiveSulfasalazineFeatureObservation1"
    }
  },
  {
    "fullUrl" : "http://example.org/LastCbcPanelReportDate/LastCbcPanelReportDateFeatureObservation1",
    "resource" : {
      "resourceType" : "Observation",
      "id" : "LastCbcPanelReportDateFeatureObservation1",
      "meta" : {
        "profile" : ["http://example.org/StructureDefinition/LastCbcPanelReportDateFeature"]
      },
      "text" : {
        "status" : "generated",
        "div" : "<div xmlns=\"http://www.w3.org/1999/xhtml\"><a name=\"Observation_LastCbcPanelReportDateFeatureObservation1\"> </a><p><b>Generated Narrative: Observation</b><a name=\"LastCbcPanelReportDateFeatureObservation1\"> </a><a name=\"hcLastCbcPanelReportDateFeatureObservation1\"> </a></p><div style=\"display: inline-block; background-color: #d9e0e7; padding: 6px; margin: 4px; border: 1px solid #8da1b4; border-radius: 5px; line-height: 60%\"><p style=\"margin-bottom: 0px\">Resource Observation &quot;LastCbcPanelReportDateFeatureObservation1&quot; </p><p style=\"margin-bottom: 0px\">Profile: <a href=\"StructureDefinition-LastCbcPanelReportDateFeature.html\">Last CBC Panel Report Date Feature</a></p></div><p><b>status</b>: final</p><p><b>code</b>: Date of last CBC Panel <span style=\"background: LightGoldenRodYellow; margin: 4px; border: 1px solid khaki\"> (<a href=\"CodeSystem-CaseFeatureCodes.html\">CaseFeatureCodes</a>#last-cbc-panel-report-date)</span></p><p><b>subject</b>: <a href=\"Patient-Patient1.html\">Patient/Patient1</a> &quot; PATIENT1&quot;</p><p><b>effective</b>: 2023-12-13</p><p><b>value</b>: 2023-12-04</p><p><b>derivedFrom</b>: <a href=\"Questionnaire/QuestionnaireResponse2\">Questionnaire/QuestionnaireResponse2</a></p></div>"
      },
      "status" : "final",
      "code" : {
        "coding" : [{
          "system" : "http://example.org/CodeSystem/CaseFeatureCodes",
          "code" : "last-cbc-panel-report-date"
        }]
      },
      "subject" : {
        "reference" : "Patient/Patient1"
      },
      "effectiveDateTime" : "2023-12-13",
      "valueDateTime" : "2023-12-04",
      "derivedFrom" : [{
        "reference" : "Questionnaire/QuestionnaireResponse2"
      }]
    },
    "request" : {
      "method" : "PUT",
      "url" : "LastCbcPanelReportDate/LastCbcPanelReportDateFeatureObservation1"
    }
  }]
}