{
  "resourceType" : "Encounter",
  "id" : "Encounter1",
  "text" : {
    "status" : "generated",
    "div" : "<div xmlns=\"http://www.w3.org/1999/xhtml\"><p><b>Generated Narrative: Encounter</b><a name=\"Encounter1\"> </a><a name=\"hcEncounter1\"> </a></p><div style=\"display: inline-block; background-color: #d9e0e7; padding: 6px; margin: 4px; border: 1px solid #8da1b4; border-radius: 5px; line-height: 60%\"><p style=\"margin-bottom: 0px\">Resource Encounter &quot;Encounter1&quot; </p></div><p><b>status</b>: in-progress</p><p><b>class</b>: ambulatory (Details: http://terminology.hl7.org/CodeSystem/v3-ActCode code AMB = 'ambulatory', stated as 'ambulatory')</p><p><b>subject</b>: <a href=\"Patient-Patient1.html\">Patient/Patient1</a> &quot; PATIENT1&quot;</p><h3>Participants</h3><table class=\"grid\"><tr><td style=\"display: none\">-</td><td><b>Type</b></td><td><b>Individual</b></td></tr><tr><td style=\"display: none\">*</td><td>primary performer <span style=\"background: LightGoldenRodYellow; margin: 4px; border: 1px solid khaki\"> (<a href=\"http://terminology.hl7.org/5.5.0/CodeSystem-v3-ParticipationType.html\">ParticipationType</a>#PPRF)</span></td><td><a href=\"Practitioner-PractitionerShared.html\">Practitioner/PractitionerShared</a> &quot; PRACTITIONERSHARED&quot;</td></tr></table><p><b>serviceProvider</b>: <a href=\"Organization-OrganizationShared.html\">Organization/OrganizationShared</a> &quot;organizationshared&quot;</p></div>"
  },
  "status" : "in-progress",
  "class" : {
    "system" : "http://terminology.hl7.org/CodeSystem/v3-ActCode",
    "code" : "AMB",
    "display" : "ambulatory"
  },
  "subject" : {
    "reference" : "Patient/Patient1"
  },
  "participant" : [{
    "type" : [{
      "coding" : [{
        "system" : "http://terminology.hl7.org/CodeSystem/v3-ParticipationType",
        "code" : "PPRF",
        "display" : "primary performer"
      }]
    }],
    "individual" : {
      "reference" : "Practitioner/PractitionerShared"
    }
  }],
  "serviceProvider" : {
    "reference" : "Organization/OrganizationShared"
  }
}