{
  "resourceType" : "Bundle",
  "id" : "0c870add-20d9-4f60-ad58-3f196a6dde7b",
  "meta" : {
    "lastUpdated" : "2024-05-17T14:59:55.074-04:00"
  },
  "type" : "collection",
  "entry" : [{
    "fullUrl" : "http://hl7.org/fhir/ValueSet/observation-status",
    "resource" : {
      "resourceType" : "ValueSet",
      "meta" : {
        "lastUpdated" : "2019-11-01T09:29:23.356+11:00",
        "profile" : ["http://hl7.org/fhir/StructureDefinition/shareablevalueset"]
      },
      "text" : {
        "status" : "generated",
        "div" : "<div xmlns=\"http://www.w3.org/1999/xhtml\"><p style=\"border: black 1px dotted; background-color: #EEEEEE; padding: 8px; margin-bottom: 8px\">Expansion based on <a href=\"http://hl7.org/fhir/R4/codesystem-observation-status.html\">codesystem ObservationStatus v4.0.1 (CodeSystem)</a></p><p>This value set contains 8 concepts.</p><table class=\"codes\"><tr><td><b>Level</b></td><td style=\"white-space:nowrap\"><b>Code</b></td><td><b>System</b></td><td><b>Display</b></td><td><b>Definition</b></td><td><b><a href=\"http://hl7.org/fhir/R4/valueset-resource-status.html\">Canonical Mapping for &quot;ObservationStatus&quot;</a></b></td></tr><tr><td><a name=\"http---hl7.org-fhir-observation-status-registered\"> </a>1</td><td style=\"white-space:nowrap\">\u00a0\u00a0<a href=\"http://hl7.org/fhir/R4/codesystem-observation-status.html#observation-status-registered\">registered</a></td><td>http://hl7.org/fhir/observation-status</td><td>Registered</td><td><div><p>The existence of the observation is registered, but there is no result yet available.</p>\n</div></td><td><span title=\"EQUIVALENT\">~</span><a href=\"http://hl7.org/fhir/R4/codesystem-resource-status.html#resource-status-received\">received</a></td></tr><tr><td><a name=\"http---hl7.org-fhir-observation-status-preliminary\"> </a>1</td><td style=\"white-space:nowrap\">\u00a0\u00a0<a href=\"http://hl7.org/fhir/R4/codesystem-observation-status.html#observation-status-preliminary\">preliminary</a></td><td>http://hl7.org/fhir/observation-status</td><td>Preliminary</td><td><div><p>This is an initial or interim observation: data may be incomplete or unverified.</p>\n</div></td><td><span title=\"EQUIVALENT\">~</span><a href=\"http://hl7.org/fhir/R4/codesystem-resource-status.html#resource-status-draft\">draft</a></td></tr><tr><td><a name=\"http---hl7.org-fhir-observation-status-final\"> </a>1</td><td style=\"white-space:nowrap\">\u00a0\u00a0<a href=\"http://hl7.org/fhir/R4/codesystem-observation-status.html#observation-status-final\">final</a></td><td>http://hl7.org/fhir/observation-status</td><td>Final</td><td><div><p>The observation is complete and there are no further actions needed. Additional information such &quot;released&quot;, &quot;signed&quot;, etc would be represented using <a href=\"http://hl7.org/fhir/R4/provenance.html\">Provenance</a> which provides not only the act but also the actors and dates and other related data. These act states would be associated with an observation status of <code>preliminary</code> until they are all completed and then a status of <code>final</code> would be applied.</p>\n</div></td><td><span title=\"EQUIVALENT\">~</span><a href=\"http://hl7.org/fhir/R4/codesystem-resource-status.html#resource-status-complete\">complete</a></td></tr><tr><td><a name=\"http---hl7.org-fhir-observation-status-amended\"> </a>1</td><td style=\"white-space:nowrap\">\u00a0\u00a0<a href=\"http://hl7.org/fhir/R4/codesystem-observation-status.html#observation-status-amended\">amended</a></td><td>http://hl7.org/fhir/observation-status</td><td>Amended</td><td><div><p>Subsequent to being Final, the observation has been modified subsequent.  This includes updates/new information and corrections.</p>\n</div></td><td/></tr><tr><td><a name=\"http---hl7.org-fhir-observation-status-corrected\"> </a>2</td><td style=\"white-space:nowrap\">\u00a0\u00a0\u00a0\u00a0<a href=\"http://hl7.org/fhir/R4/codesystem-observation-status.html#observation-status-corrected\">corrected</a></td><td>http://hl7.org/fhir/observation-status</td><td>Corrected</td><td><div><p>Subsequent to being Final, the observation has been modified to correct an error in the test result.</p>\n</div></td><td/></tr><tr><td><a name=\"http---hl7.org-fhir-observation-status-cancelled\"> </a>1</td><td style=\"white-space:nowrap\">\u00a0\u00a0<a href=\"http://hl7.org/fhir/R4/codesystem-observation-status.html#observation-status-cancelled\">cancelled</a></td><td>http://hl7.org/fhir/observation-status</td><td>Cancelled</td><td><div><p>The observation is unavailable because the measurement was not started or not completed (also sometimes called &quot;aborted&quot;).</p>\n</div></td><td><span title=\"EQUIVALENT\">~</span><a href=\"http://hl7.org/fhir/R4/codesystem-resource-status.html#resource-status-abandoned\">abandoned</a></td></tr><tr><td><a name=\"http---hl7.org-fhir-observation-status-entered-in-error\"> </a>1</td><td style=\"white-space:nowrap\">\u00a0\u00a0<a href=\"http://hl7.org/fhir/R4/codesystem-observation-status.html#observation-status-entered-in-error\">entered-in-error</a></td><td>http://hl7.org/fhir/observation-status</td><td>Entered in Error</td><td><div><p>The observation has been withdrawn following previous final release.  This electronic record should never have existed, though it is possible that real-world decisions were based on it. (If real-world activity has occurred, the status should be &quot;cancelled&quot; rather than &quot;entered-in-error&quot;.).</p>\n</div></td><td><span title=\"EQUIVALENT\">~</span><a href=\"http://hl7.org/fhir/R4/codesystem-resource-status.html#resource-status-error\">error</a></td></tr><tr><td><a name=\"http---hl7.org-fhir-observation-status-unknown\"> </a>1</td><td style=\"white-space:nowrap\">\u00a0\u00a0<a href=\"http://hl7.org/fhir/R4/codesystem-observation-status.html#observation-status-unknown\">unknown</a></td><td>http://hl7.org/fhir/observation-status</td><td>Unknown</td><td><div><p>The authoring/source system does not know which of the status values currently applies for this observation. Note: This concept is not to be used for &quot;other&quot; - one of the listed statuses is presumed to apply, but the authoring/source system does not know which.</p>\n</div></td><td><span title=\"EQUIVALENT\">~</span><a href=\"http://hl7.org/fhir/R4/codesystem-resource-status.html#resource-status-unknown\">unknown</a></td></tr></table></div>"
      },
      "url" : "http://hl7.org/fhir/ValueSet/observation-status",
      "identifier" : [{
        "system" : "urn:ietf:rfc:3986",
        "value" : "urn:oid:2.16.840.1.113883.4.642.3.400"
      }],
      "version" : "0.1.0",
      "name" : "ObservationStatus",
      "title" : "ObservationStatus",
      "status" : "active",
      "experimental" : false,
      "date" : "2019-11-01T09:29:23+11:00",
      "immutable" : true,
      "expansion" : {
        "identifier" : "urn:uuid:9a71c685-bcdd-42dc-b438-edf8691c39c1",
        "timestamp" : "2024-05-17T15:00:32-04:00",
        "total" : 8,
        "offset" : 0,
        "parameter" : [{
          "name" : "count",
          "valueInteger" : 1000
        },
        {
          "name" : "offset",
          "valueInteger" : 0
        },
        {
          "name" : "excludeNested",
          "valueBoolean" : false
        },
        {
          "name" : "used-codesystem",
          "valueUri" : "http://hl7.org/fhir/observation-status|4.0.1"
        }],
        "contains" : [{
          "system" : "http://hl7.org/fhir/observation-status",
          "code" : "registered",
          "display" : "Registered"
        },
        {
          "system" : "http://hl7.org/fhir/observation-status",
          "code" : "preliminary",
          "display" : "Preliminary"
        },
        {
          "system" : "http://hl7.org/fhir/observation-status",
          "code" : "final",
          "display" : "Final"
        },
        {
          "system" : "http://hl7.org/fhir/observation-status",
          "code" : "amended",
          "display" : "Amended",
          "contains" : [{
            "system" : "http://hl7.org/fhir/observation-status",
            "code" : "corrected",
            "display" : "Corrected"
          }]
        },
        {
          "system" : "http://hl7.org/fhir/observation-status",
          "code" : "cancelled",
          "display" : "Cancelled"
        },
        {
          "system" : "http://hl7.org/fhir/observation-status",
          "code" : "entered-in-error",
          "display" : "Entered in Error"
        },
        {
          "system" : "http://hl7.org/fhir/observation-status",
          "code" : "unknown",
          "display" : "Unknown"
        }]
      }
    }
  },
  {
    "fullUrl" : "http://example.org/ValueSet/sulfasalazine-vs",
    "resource" : {
      "resourceType" : "ValueSet",
      "text" : {
        "status" : "generated",
        "div" : "<div xmlns=\"http://www.w3.org/1999/xhtml\"><div style=\"border: black 1px dotted; background-color: #EEEEEE; padding: 8px; margin-bottom: 8px\"><p>Expansion based on: </p><ul><li>codesystem RxNorm version ??rx1</li><li>codesystem http://www.whocc.no/atc version 2020-05</li></ul></div><p>This value set contains 3 concepts.</p><table class=\"codes\"><tr><td style=\"white-space:nowrap\"><b>Code</b></td><td><b>System</b></td><td><b>Display</b></td></tr><tr><td style=\"white-space:nowrap\"><a name=\"http---www.whocc.no-atc-A07EC01\"> </a>\u00a0\u00a0A07EC01</td><td>http://www.whocc.no/atc</td><td>sulfasalazine</td></tr><tr><td style=\"white-space:nowrap\"><a name=\"http---www.nlm.nih.gov-research-umls-rxnorm-373988\"> </a>\u00a0\u00a0373988</td><td>http://www.nlm.nih.gov/research/umls/rxnorm</td><td>sulfasalazine Enema</td></tr><tr><td style=\"white-space:nowrap\"><a name=\"http---www.nlm.nih.gov-research-umls-rxnorm-376645\"> </a>\u00a0\u00a0376645</td><td>http://www.nlm.nih.gov/research/umls/rxnorm</td><td>sulfasalazine Delayed Release Oral Tablet</td></tr></table></div>"
      },
      "url" : "http://example.org/ValueSet/sulfasalazine-vs",
      "version" : "0.1.0",
      "name" : "SulfasalazineVS",
      "status" : "draft",
      "date" : "2024-05-17T14:59:55-04:00",
      "expansion" : {
        "identifier" : "urn:uuid:ef170513-ec4b-4697-a79f-47f9f71d9ed4",
        "timestamp" : "2024-05-17T15:00:32-04:00",
        "total" : 3,
        "offset" : 0,
        "parameter" : [{
          "name" : "count",
          "valueInteger" : 1000
        },
        {
          "name" : "offset",
          "valueInteger" : 0
        },
        {
          "name" : "excludeNested",
          "valueBoolean" : false
        },
        {
          "name" : "used-valueset",
          "valueUri" : "null"
        },
        {
          "name" : "used-codesystem",
          "valueUri" : "http://www.whocc.no/atc|2020-05"
        },
        {
          "name" : "version",
          "valueUri" : "http://www.whocc.no/atc|2020-05"
        },
        {
          "name" : "excludeNested",
          "valueBoolean" : true
        },
        {
          "name" : "used-codesystem",
          "valueUri" : "http://www.nlm.nih.gov/research/umls/rxnorm|??rx1"
        },
        {
          "name" : "version",
          "valueUri" : "http://www.nlm.nih.gov/research/umls/rxnorm|??rx1"
        }],
        "contains" : [{
          "system" : "http://www.whocc.no/atc",
          "code" : "A07EC01",
          "display" : "sulfasalazine"
        },
        {
          "system" : "http://www.nlm.nih.gov/research/umls/rxnorm",
          "code" : "373988",
          "display" : "sulfasalazine Enema"
        },
        {
          "system" : "http://www.nlm.nih.gov/research/umls/rxnorm",
          "code" : "376645",
          "display" : "sulfasalazine Delayed Release Oral Tablet"
        }]
      }
    }
  },
  {
    "fullUrl" : "http://cts.nlm.nih.gov/fhir/ValueSet/2.16.840.1.113762.1.4.1116.181",
    "resource" : {
      "resourceType" : "ValueSet",
      "meta" : {
        "versionId" : "20",
        "lastUpdated" : "2020-09-02T01:00:24.000-04:00",
        "profile" : ["http://hl7.org/fhir/StructureDefinition/shareablevalueset"]
      },
      "text" : {
        "status" : "generated",
        "div" : "<div xmlns=\"http://www.w3.org/1999/xhtml\"><p style=\"border: black 1px dotted; background-color: #EEEEEE; padding: 8px; margin-bottom: 8px\">Expansion based on codesystem RxNorm version ??rx1</p><p>This value set contains 36 concepts.</p><table class=\"codes\"><tr><td style=\"white-space:nowrap\"><b>Code</b></td><td><b>System</b></td><td><b>Display</b></td></tr><tr><td style=\"white-space:nowrap\"><a name=\"http---www.nlm.nih.gov-research-umls-rxnorm-105585\"> </a>\u00a0\u00a0105585</td><td>http://www.nlm.nih.gov/research/umls/rxnorm</td><td>methotrexate 2.5 MG Oral Tablet</td></tr><tr><td style=\"white-space:nowrap\"><a name=\"http---www.nlm.nih.gov-research-umls-rxnorm-105586\"> </a>\u00a0\u00a0105586</td><td>http://www.nlm.nih.gov/research/umls/rxnorm</td><td>methotrexate 10 MG Oral Tablet</td></tr><tr><td style=\"white-space:nowrap\"><a name=\"http---www.nlm.nih.gov-research-umls-rxnorm-1441402\"> </a>\u00a0\u00a01441402</td><td>http://www.nlm.nih.gov/research/umls/rxnorm</td><td>0.4 ML methotrexate 25 MG/ML Auto-Injector</td></tr><tr><td style=\"white-space:nowrap\"><a name=\"http---www.nlm.nih.gov-research-umls-rxnorm-1441411\"> </a>\u00a0\u00a01441411</td><td>http://www.nlm.nih.gov/research/umls/rxnorm</td><td>0.4 ML methotrexate 37.5 MG/ML Auto-Injector</td></tr><tr><td style=\"white-space:nowrap\"><a name=\"http---www.nlm.nih.gov-research-umls-rxnorm-1441416\"> </a>\u00a0\u00a01441416</td><td>http://www.nlm.nih.gov/research/umls/rxnorm</td><td>0.4 ML methotrexate 50 MG/ML Auto-Injector</td></tr><tr><td style=\"white-space:nowrap\"><a name=\"http---www.nlm.nih.gov-research-umls-rxnorm-1441422\"> </a>\u00a0\u00a01441422</td><td>http://www.nlm.nih.gov/research/umls/rxnorm</td><td>0.4 ML methotrexate 62.5 MG/ML Auto-Injector</td></tr><tr><td style=\"white-space:nowrap\"><a name=\"http---www.nlm.nih.gov-research-umls-rxnorm-1544378\"> </a>\u00a0\u00a01544378</td><td>http://www.nlm.nih.gov/research/umls/rxnorm</td><td>0.2 ML methotrexate 50 MG/ML Auto-Injector</td></tr><tr><td style=\"white-space:nowrap\"><a name=\"http---www.nlm.nih.gov-research-umls-rxnorm-1544385\"> </a>\u00a0\u00a01544385</td><td>http://www.nlm.nih.gov/research/umls/rxnorm</td><td>0.25 ML methotrexate 50 MG/ML Auto-Injector</td></tr><tr><td style=\"white-space:nowrap\"><a name=\"http---www.nlm.nih.gov-research-umls-rxnorm-1544387\"> </a>\u00a0\u00a01544387</td><td>http://www.nlm.nih.gov/research/umls/rxnorm</td><td>0.3 ML methotrexate 50 MG/ML Auto-Injector</td></tr><tr><td style=\"white-space:nowrap\"><a name=\"http---www.nlm.nih.gov-research-umls-rxnorm-1544389\"> </a>\u00a0\u00a01544389</td><td>http://www.nlm.nih.gov/research/umls/rxnorm</td><td>0.35 ML methotrexate 50 MG/ML Auto-Injector</td></tr><tr><td style=\"white-space:nowrap\"><a name=\"http---www.nlm.nih.gov-research-umls-rxnorm-1544395\"> </a>\u00a0\u00a01544395</td><td>http://www.nlm.nih.gov/research/umls/rxnorm</td><td>0.45 ML methotrexate 50 MG/ML Auto-Injector</td></tr><tr><td style=\"white-space:nowrap\"><a name=\"http---www.nlm.nih.gov-research-umls-rxnorm-1544397\"> </a>\u00a0\u00a01544397</td><td>http://www.nlm.nih.gov/research/umls/rxnorm</td><td>0.5 ML methotrexate 50 MG/ML Auto-Injector</td></tr><tr><td style=\"white-space:nowrap\"><a name=\"http---www.nlm.nih.gov-research-umls-rxnorm-1544401\"> </a>\u00a0\u00a01544401</td><td>http://www.nlm.nih.gov/research/umls/rxnorm</td><td>0.6 ML methotrexate 50 MG/ML Auto-Injector</td></tr><tr><td style=\"white-space:nowrap\"><a name=\"http---www.nlm.nih.gov-research-umls-rxnorm-1544403\"> </a>\u00a0\u00a01544403</td><td>http://www.nlm.nih.gov/research/umls/rxnorm</td><td>0.15 ML methotrexate 50 MG/ML Auto-Injector</td></tr><tr><td style=\"white-space:nowrap\"><a name=\"http---www.nlm.nih.gov-research-umls-rxnorm-1655956\"> </a>\u00a0\u00a01655956</td><td>http://www.nlm.nih.gov/research/umls/rxnorm</td><td>40 ML methotrexate 25 MG/ML Injection</td></tr><tr><td style=\"white-space:nowrap\"><a name=\"http---www.nlm.nih.gov-research-umls-rxnorm-1655959\"> </a>\u00a0\u00a01655959</td><td>http://www.nlm.nih.gov/research/umls/rxnorm</td><td>10 ML methotrexate 25 MG/ML Injection</td></tr><tr><td style=\"white-space:nowrap\"><a name=\"http---www.nlm.nih.gov-research-umls-rxnorm-1655960\"> </a>\u00a0\u00a01655960</td><td>http://www.nlm.nih.gov/research/umls/rxnorm</td><td>2 ML methotrexate 25 MG/ML Injection</td></tr><tr><td style=\"white-space:nowrap\"><a name=\"http---www.nlm.nih.gov-research-umls-rxnorm-1655967\"> </a>\u00a0\u00a01655967</td><td>http://www.nlm.nih.gov/research/umls/rxnorm</td><td>4 ML methotrexate 25 MG/ML Injection</td></tr><tr><td style=\"white-space:nowrap\"><a name=\"http---www.nlm.nih.gov-research-umls-rxnorm-1655968\"> </a>\u00a0\u00a01655968</td><td>http://www.nlm.nih.gov/research/umls/rxnorm</td><td>8 ML methotrexate 25 MG/ML Injection</td></tr><tr><td style=\"white-space:nowrap\"><a name=\"http---www.nlm.nih.gov-research-umls-rxnorm-1747179\"> </a>\u00a0\u00a01747179</td><td>http://www.nlm.nih.gov/research/umls/rxnorm</td><td>0.4 ML methotrexate 31.3 MG/ML Auto-Injector</td></tr><tr><td style=\"white-space:nowrap\"><a name=\"http---www.nlm.nih.gov-research-umls-rxnorm-1747185\"> </a>\u00a0\u00a01747185</td><td>http://www.nlm.nih.gov/research/umls/rxnorm</td><td>0.4 ML methotrexate 43.8 MG/ML Auto-Injector</td></tr><tr><td style=\"white-space:nowrap\"><a name=\"http---www.nlm.nih.gov-research-umls-rxnorm-1747192\"> </a>\u00a0\u00a01747192</td><td>http://www.nlm.nih.gov/research/umls/rxnorm</td><td>0.4 ML methotrexate 56.3 MG/ML Auto-Injector</td></tr><tr><td style=\"white-space:nowrap\"><a name=\"http---www.nlm.nih.gov-research-umls-rxnorm-1921592\"> </a>\u00a0\u00a01921592</td><td>http://www.nlm.nih.gov/research/umls/rxnorm</td><td>methotrexate 2.5 MG/ML Oral Solution</td></tr><tr><td style=\"white-space:nowrap\"><a name=\"http---www.nlm.nih.gov-research-umls-rxnorm-1946772\"> </a>\u00a0\u00a01946772</td><td>http://www.nlm.nih.gov/research/umls/rxnorm</td><td>methotrexate 25 MG/ML Injectable Solution</td></tr><tr><td style=\"white-space:nowrap\"><a name=\"http---www.nlm.nih.gov-research-umls-rxnorm-2377333\"> </a>\u00a0\u00a02377333</td><td>http://www.nlm.nih.gov/research/umls/rxnorm</td><td>0.4 ML methotrexate 25 MG/ML Prefilled Syringe</td></tr><tr><td style=\"white-space:nowrap\"><a name=\"http---www.nlm.nih.gov-research-umls-rxnorm-2377341\"> </a>\u00a0\u00a02377341</td><td>http://www.nlm.nih.gov/research/umls/rxnorm</td><td>0.5 ML methotrexate 25 MG/ML Prefilled Syringe</td></tr><tr><td style=\"white-space:nowrap\"><a name=\"http---www.nlm.nih.gov-research-umls-rxnorm-2377343\"> </a>\u00a0\u00a02377343</td><td>http://www.nlm.nih.gov/research/umls/rxnorm</td><td>0.6 ML methotrexate 25 MG/ML Prefilled Syringe</td></tr><tr><td style=\"white-space:nowrap\"><a name=\"http---www.nlm.nih.gov-research-umls-rxnorm-2377345\"> </a>\u00a0\u00a02377345</td><td>http://www.nlm.nih.gov/research/umls/rxnorm</td><td>0.7 ML methotrexate 25 MG/ML Prefilled Syringe</td></tr><tr><td style=\"white-space:nowrap\"><a name=\"http---www.nlm.nih.gov-research-umls-rxnorm-2377347\"> </a>\u00a0\u00a02377347</td><td>http://www.nlm.nih.gov/research/umls/rxnorm</td><td>0.8 ML methotrexate 25 MG/ML Prefilled Syringe</td></tr><tr><td style=\"white-space:nowrap\"><a name=\"http---www.nlm.nih.gov-research-umls-rxnorm-2377349\"> </a>\u00a0\u00a02377349</td><td>http://www.nlm.nih.gov/research/umls/rxnorm</td><td>0.9 ML methotrexate 25 MG/ML Prefilled Syringe</td></tr><tr><td style=\"white-space:nowrap\"><a name=\"http---www.nlm.nih.gov-research-umls-rxnorm-2377351\"> </a>\u00a0\u00a02377351</td><td>http://www.nlm.nih.gov/research/umls/rxnorm</td><td>1 ML methotrexate 25 MG/ML Prefilled Syringe</td></tr><tr><td style=\"white-space:nowrap\"><a name=\"http---www.nlm.nih.gov-research-umls-rxnorm-2377353\"> </a>\u00a0\u00a02377353</td><td>http://www.nlm.nih.gov/research/umls/rxnorm</td><td>0.3 ML methotrexate 25 MG/ML Prefilled Syringe</td></tr><tr><td style=\"white-space:nowrap\"><a name=\"http---www.nlm.nih.gov-research-umls-rxnorm-283510\"> </a>\u00a0\u00a0283510</td><td>http://www.nlm.nih.gov/research/umls/rxnorm</td><td>methotrexate 15 MG Oral Tablet</td></tr><tr><td style=\"white-space:nowrap\"><a name=\"http---www.nlm.nih.gov-research-umls-rxnorm-283511\"> </a>\u00a0\u00a0283511</td><td>http://www.nlm.nih.gov/research/umls/rxnorm</td><td>methotrexate 5 MG Oral Tablet</td></tr><tr><td style=\"white-space:nowrap\"><a name=\"http---www.nlm.nih.gov-research-umls-rxnorm-283671\"> </a>\u00a0\u00a0283671</td><td>http://www.nlm.nih.gov/research/umls/rxnorm</td><td>methotrexate 7.5 MG Oral Tablet</td></tr><tr><td style=\"white-space:nowrap\"><a name=\"http---www.nlm.nih.gov-research-umls-rxnorm-311625\"> </a>\u00a0\u00a0311625</td><td>http://www.nlm.nih.gov/research/umls/rxnorm</td><td>methotrexate 1000 MG Injection</td></tr></table></div>"
      },
      "url" : "http://cts.nlm.nih.gov/fhir/ValueSet/2.16.840.1.113762.1.4.1116.181",
      "version" : "0.1.0",
      "name" : "Methotrexate",
      "status" : "active",
      "experimental" : false,
      "date" : "2020-09-02T01:00:24-04:00",
      "jurisdiction" : [{
        "extension" : [{
          "url" : "http://hl7.org/fhir/StructureDefinition/data-absent-reason",
          "valueCode" : "unknown"
        }]
      }],
      "expansion" : {
        "identifier" : "urn:uuid:5b284617-adb7-4d31-baea-5b1f08d9daa3",
        "timestamp" : "2024-05-17T15:00:32-04:00",
        "total" : 36,
        "offset" : 0,
        "parameter" : [{
          "name" : "count",
          "valueInteger" : 1000
        },
        {
          "name" : "offset",
          "valueInteger" : 0
        },
        {
          "name" : "excludeNested",
          "valueBoolean" : false
        },
        {
          "name" : "used-valueset",
          "valueUri" : "null"
        },
        {
          "name" : "used-codesystem",
          "valueUri" : "http://www.nlm.nih.gov/research/umls/rxnorm|??rx1"
        },
        {
          "name" : "version",
          "valueUri" : "http://www.nlm.nih.gov/research/umls/rxnorm|??rx1"
        }],
        "contains" : [{
          "system" : "http://www.nlm.nih.gov/research/umls/rxnorm",
          "code" : "105585",
          "display" : "methotrexate 2.5 MG Oral Tablet"
        },
        {
          "system" : "http://www.nlm.nih.gov/research/umls/rxnorm",
          "code" : "105586",
          "display" : "methotrexate 10 MG Oral Tablet"
        },
        {
          "system" : "http://www.nlm.nih.gov/research/umls/rxnorm",
          "code" : "1441402",
          "display" : "0.4 ML methotrexate 25 MG/ML Auto-Injector"
        },
        {
          "system" : "http://www.nlm.nih.gov/research/umls/rxnorm",
          "code" : "1441411",
          "display" : "0.4 ML methotrexate 37.5 MG/ML Auto-Injector"
        },
        {
          "system" : "http://www.nlm.nih.gov/research/umls/rxnorm",
          "code" : "1441416",
          "display" : "0.4 ML methotrexate 50 MG/ML Auto-Injector"
        },
        {
          "system" : "http://www.nlm.nih.gov/research/umls/rxnorm",
          "code" : "1441422",
          "display" : "0.4 ML methotrexate 62.5 MG/ML Auto-Injector"
        },
        {
          "system" : "http://www.nlm.nih.gov/research/umls/rxnorm",
          "code" : "1544378",
          "display" : "0.2 ML methotrexate 50 MG/ML Auto-Injector"
        },
        {
          "system" : "http://www.nlm.nih.gov/research/umls/rxnorm",
          "code" : "1544385",
          "display" : "0.25 ML methotrexate 50 MG/ML Auto-Injector"
        },
        {
          "system" : "http://www.nlm.nih.gov/research/umls/rxnorm",
          "code" : "1544387",
          "display" : "0.3 ML methotrexate 50 MG/ML Auto-Injector"
        },
        {
          "system" : "http://www.nlm.nih.gov/research/umls/rxnorm",
          "code" : "1544389",
          "display" : "0.35 ML methotrexate 50 MG/ML Auto-Injector"
        },
        {
          "system" : "http://www.nlm.nih.gov/research/umls/rxnorm",
          "code" : "1544395",
          "display" : "0.45 ML methotrexate 50 MG/ML Auto-Injector"
        },
        {
          "system" : "http://www.nlm.nih.gov/research/umls/rxnorm",
          "code" : "1544397",
          "display" : "0.5 ML methotrexate 50 MG/ML Auto-Injector"
        },
        {
          "system" : "http://www.nlm.nih.gov/research/umls/rxnorm",
          "code" : "1544401",
          "display" : "0.6 ML methotrexate 50 MG/ML Auto-Injector"
        },
        {
          "system" : "http://www.nlm.nih.gov/research/umls/rxnorm",
          "code" : "1544403",
          "display" : "0.15 ML methotrexate 50 MG/ML Auto-Injector"
        },
        {
          "system" : "http://www.nlm.nih.gov/research/umls/rxnorm",
          "code" : "1655956",
          "display" : "40 ML methotrexate 25 MG/ML Injection"
        },
        {
          "system" : "http://www.nlm.nih.gov/research/umls/rxnorm",
          "code" : "1655959",
          "display" : "10 ML methotrexate 25 MG/ML Injection"
        },
        {
          "system" : "http://www.nlm.nih.gov/research/umls/rxnorm",
          "code" : "1655960",
          "display" : "2 ML methotrexate 25 MG/ML Injection"
        },
        {
          "system" : "http://www.nlm.nih.gov/research/umls/rxnorm",
          "code" : "1655967",
          "display" : "4 ML methotrexate 25 MG/ML Injection"
        },
        {
          "system" : "http://www.nlm.nih.gov/research/umls/rxnorm",
          "code" : "1655968",
          "display" : "8 ML methotrexate 25 MG/ML Injection"
        },
        {
          "system" : "http://www.nlm.nih.gov/research/umls/rxnorm",
          "code" : "1747179",
          "display" : "0.4 ML methotrexate 31.3 MG/ML Auto-Injector"
        },
        {
          "system" : "http://www.nlm.nih.gov/research/umls/rxnorm",
          "code" : "1747185",
          "display" : "0.4 ML methotrexate 43.8 MG/ML Auto-Injector"
        },
        {
          "system" : "http://www.nlm.nih.gov/research/umls/rxnorm",
          "code" : "1747192",
          "display" : "0.4 ML methotrexate 56.3 MG/ML Auto-Injector"
        },
        {
          "system" : "http://www.nlm.nih.gov/research/umls/rxnorm",
          "code" : "1921592",
          "display" : "methotrexate 2.5 MG/ML Oral Solution"
        },
        {
          "system" : "http://www.nlm.nih.gov/research/umls/rxnorm",
          "code" : "1946772",
          "display" : "methotrexate 25 MG/ML Injectable Solution"
        },
        {
          "system" : "http://www.nlm.nih.gov/research/umls/rxnorm",
          "code" : "2377333",
          "display" : "0.4 ML methotrexate 25 MG/ML Prefilled Syringe"
        },
        {
          "system" : "http://www.nlm.nih.gov/research/umls/rxnorm",
          "code" : "2377341",
          "display" : "0.5 ML methotrexate 25 MG/ML Prefilled Syringe"
        },
        {
          "system" : "http://www.nlm.nih.gov/research/umls/rxnorm",
          "code" : "2377343",
          "display" : "0.6 ML methotrexate 25 MG/ML Prefilled Syringe"
        },
        {
          "system" : "http://www.nlm.nih.gov/research/umls/rxnorm",
          "code" : "2377345",
          "display" : "0.7 ML methotrexate 25 MG/ML Prefilled Syringe"
        },
        {
          "system" : "http://www.nlm.nih.gov/research/umls/rxnorm",
          "code" : "2377347",
          "display" : "0.8 ML methotrexate 25 MG/ML Prefilled Syringe"
        },
        {
          "system" : "http://www.nlm.nih.gov/research/umls/rxnorm",
          "code" : "2377349",
          "display" : "0.9 ML methotrexate 25 MG/ML Prefilled Syringe"
        },
        {
          "system" : "http://www.nlm.nih.gov/research/umls/rxnorm",
          "code" : "2377351",
          "display" : "1 ML methotrexate 25 MG/ML Prefilled Syringe"
        },
        {
          "system" : "http://www.nlm.nih.gov/research/umls/rxnorm",
          "code" : "2377353",
          "display" : "0.3 ML methotrexate 25 MG/ML Prefilled Syringe"
        },
        {
          "system" : "http://www.nlm.nih.gov/research/umls/rxnorm",
          "code" : "283510",
          "display" : "methotrexate 15 MG Oral Tablet"
        },
        {
          "system" : "http://www.nlm.nih.gov/research/umls/rxnorm",
          "code" : "283511",
          "display" : "methotrexate 5 MG Oral Tablet"
        },
        {
          "system" : "http://www.nlm.nih.gov/research/umls/rxnorm",
          "code" : "283671",
          "display" : "methotrexate 7.5 MG Oral Tablet"
        },
        {
          "system" : "http://www.nlm.nih.gov/research/umls/rxnorm",
          "code" : "311625",
          "display" : "methotrexate 1000 MG Injection"
        }]
      }
    }
  }]
}