<?xml version="1.0" encoding="UTF-8"?>

<ImplementationGuide xmlns="http://hl7.org/fhir">
  <id value="fhir.example"/>
  <text>
    <status value="extensions"/><div xmlns="http://www.w3.org/1999/xhtml"><h2>CPGTraining</h2><p>The official URL for this implementation guide is: </p><pre>http://example.org/ImplementationGuide/fhir.example</pre></div>
  </text>
  <url value="http://example.org/ImplementationGuide/fhir.example"/>
  <version value="0.1.0"/>
  <name value="CPGTraining"/>
  <status value="draft"/>
  <date value="2024-05-17T14:59:55-04:00"/>
  <publisher value="Example Publisher"/>
  <contact>
    <name value="Example Publisher"/>
    <telecom>
      <system value="url"/>
      <value value="http://example.org/example-publisher"/>
    </telecom>
  </contact>
  <packageId value="fhir.example"/>
  <license value="CC0-1.0"/>
  <fhirVersion value="4.0.1"/>
  <dependsOn id="hl7tx">
    <extension url="http://hl7.org/fhir/tools/StructureDefinition/implementationguide-dependency-comment">
      <valueMarkdown value="Automatically added as a dependency - all IGs depend on HL7 Terminology"/>
    </extension>
    <uri value="http://terminology.hl7.org/ImplementationGuide/hl7.terminology"/>
    <packageId value="hl7.terminology.r4"/>
    <version value="5.5.0"/>
  </dependsOn>
  <dependsOn id="hl7ext">
    <extension url="http://hl7.org/fhir/tools/StructureDefinition/implementationguide-dependency-comment">
      <valueMarkdown value="Automatically added as a dependency - all IGs depend on the HL7 Extension Pack"/>
    </extension>
    <uri value="http://hl7.org/fhir/extensions/ImplementationGuide/hl7.fhir.uv.extensions"/>
    <packageId value="hl7.fhir.uv.extensions.r4"/>
    <version value="5.1.0"/>
  </dependsOn>
  <dependsOn id="hl7_fhir_uv_cpg">
    <uri value="http://hl7.org/fhir/uv/cpg/ImplementationGuide/hl7.fhir.uv.cpg"/>
    <packageId value="hl7.fhir.uv.cpg"/>
    <version value="1.0.0"/>
  </dependsOn>
  <dependsOn id="hl7_fhir_uv_sdc">
    <uri value="http://hl7.org/fhir/uv/sdc/ImplementationGuide/hl7.fhir.uv.sdc"/>
    <packageId value="hl7.fhir.uv.sdc"/>
    <version value="3.0.0"/>
  </dependsOn>
  <definition>
    <extension url="http://hl7.org/fhir/tools/StructureDefinition/ig-parameter">
      <extension url="code">
        <valueString value="copyrightyear"/>
      </extension>
      <extension url="value">
        <valueString value="2023+"/>
      </extension>
    </extension>
    <extension url="http://hl7.org/fhir/tools/StructureDefinition/ig-parameter">
      <extension url="code">
        <valueString value="releaselabel"/>
      </extension>
      <extension url="value">
        <valueString value="ci-build"/>
      </extension>
    </extension>
    <extension url="http://hl7.org/fhir/tools/StructureDefinition/ig-parameter">
      <extension url="code">
        <valueString value="path-binary"/>
      </extension>
      <extension url="value">
        <valueString value="./input/cql"/>
      </extension>
    </extension>
    <extension url="http://hl7.org/fhir/tools/StructureDefinition/ig-parameter">
      <extension url="code">
        <valueString value="suppressedWarningFile"/>
      </extension>
      <extension url="value">
        <valueString value="./input/ignoreWarnings.txt"/>
      </extension>
    </extension>
    <extension url="http://hl7.org/fhir/tools/StructureDefinition/ig-parameter">
      <extension url="code">
        <valueString value="autoload-resources"/>
      </extension>
      <extension url="value">
        <valueString value="true"/>
      </extension>
    </extension>
    <extension url="http://hl7.org/fhir/tools/StructureDefinition/ig-parameter">
      <extension url="code">
        <valueString value="path-liquid"/>
      </extension>
      <extension url="value">
        <valueString value="template/liquid"/>
      </extension>
    </extension>
    <extension url="http://hl7.org/fhir/tools/StructureDefinition/ig-parameter">
      <extension url="code">
        <valueString value="path-liquid"/>
      </extension>
      <extension url="value">
        <valueString value="input/liquid"/>
      </extension>
    </extension>
    <extension url="http://hl7.org/fhir/tools/StructureDefinition/ig-parameter">
      <extension url="code">
        <valueString value="path-qa"/>
      </extension>
      <extension url="value">
        <valueString value="temp/qa"/>
      </extension>
    </extension>
    <extension url="http://hl7.org/fhir/tools/StructureDefinition/ig-parameter">
      <extension url="code">
        <valueString value="path-temp"/>
      </extension>
      <extension url="value">
        <valueString value="temp/pages"/>
      </extension>
    </extension>
    <extension url="http://hl7.org/fhir/tools/StructureDefinition/ig-parameter">
      <extension url="code">
        <valueString value="path-output"/>
      </extension>
      <extension url="value">
        <valueString value="output"/>
      </extension>
    </extension>
    <extension url="http://hl7.org/fhir/tools/StructureDefinition/ig-parameter">
      <extension url="code">
        <valueString value="path-suppressed-warnings"/>
      </extension>
      <extension url="value">
        <valueString value="input/ignoreWarnings.txt"/>
      </extension>
    </extension>
    <extension url="http://hl7.org/fhir/tools/StructureDefinition/ig-parameter">
      <extension url="code">
        <valueString value="path-history"/>
      </extension>
      <extension url="value">
        <valueString value="http://example.org/history.html"/>
      </extension>
    </extension>
    <extension url="http://hl7.org/fhir/tools/StructureDefinition/ig-parameter">
      <extension url="code">
        <valueString value="template-html"/>
      </extension>
      <extension url="value">
        <valueString value="template-page.html"/>
      </extension>
    </extension>
    <extension url="http://hl7.org/fhir/tools/StructureDefinition/ig-parameter">
      <extension url="code">
        <valueString value="template-md"/>
      </extension>
      <extension url="value">
        <valueString value="template-page-md.html"/>
      </extension>
    </extension>
    <extension url="http://hl7.org/fhir/tools/StructureDefinition/ig-parameter">
      <extension url="code">
        <valueString value="apply-contact"/>
      </extension>
      <extension url="value">
        <valueString value="true"/>
      </extension>
    </extension>
    <extension url="http://hl7.org/fhir/tools/StructureDefinition/ig-parameter">
      <extension url="code">
        <valueString value="apply-context"/>
      </extension>
      <extension url="value">
        <valueString value="true"/>
      </extension>
    </extension>
    <extension url="http://hl7.org/fhir/tools/StructureDefinition/ig-parameter">
      <extension url="code">
        <valueString value="apply-copyright"/>
      </extension>
      <extension url="value">
        <valueString value="true"/>
      </extension>
    </extension>
    <extension url="http://hl7.org/fhir/tools/StructureDefinition/ig-parameter">
      <extension url="code">
        <valueString value="apply-jurisdiction"/>
      </extension>
      <extension url="value">
        <valueString value="true"/>
      </extension>
    </extension>
    <extension url="http://hl7.org/fhir/tools/StructureDefinition/ig-parameter">
      <extension url="code">
        <valueString value="apply-license"/>
      </extension>
      <extension url="value">
        <valueString value="true"/>
      </extension>
    </extension>
    <extension url="http://hl7.org/fhir/tools/StructureDefinition/ig-parameter">
      <extension url="code">
        <valueString value="apply-publisher"/>
      </extension>
      <extension url="value">
        <valueString value="true"/>
      </extension>
    </extension>
    <extension url="http://hl7.org/fhir/tools/StructureDefinition/ig-parameter">
      <extension url="code">
        <valueString value="apply-version"/>
      </extension>
      <extension url="value">
        <valueString value="true"/>
      </extension>
    </extension>
    <extension url="http://hl7.org/fhir/tools/StructureDefinition/ig-parameter">
      <extension url="code">
        <valueString value="apply-wg"/>
      </extension>
      <extension url="value">
        <valueString value="true"/>
      </extension>
    </extension>
    <extension url="http://hl7.org/fhir/tools/StructureDefinition/ig-parameter">
      <extension url="code">
        <valueString value="active-tables"/>
      </extension>
      <extension url="value">
        <valueString value="true"/>
      </extension>
    </extension>
    <extension url="http://hl7.org/fhir/tools/StructureDefinition/ig-parameter">
      <extension url="code">
        <valueString value="fmm-definition"/>
      </extension>
      <extension url="value">
        <valueString value="http://hl7.org/fhir/versions.html#maturity"/>
      </extension>
    </extension>
    <extension url="http://hl7.org/fhir/tools/StructureDefinition/ig-parameter">
      <extension url="code">
        <valueString value="propagate-status"/>
      </extension>
      <extension url="value">
        <valueString value="true"/>
      </extension>
    </extension>
    <extension url="http://hl7.org/fhir/tools/StructureDefinition/ig-parameter">
      <extension url="code">
        <valueString value="excludelogbinaryformat"/>
      </extension>
      <extension url="value">
        <valueString value="true"/>
      </extension>
    </extension>
    <extension url="http://hl7.org/fhir/tools/StructureDefinition/ig-parameter">
      <extension url="code">
        <valueString value="tabbed-snapshots"/>
      </extension>
      <extension url="value">
        <valueString value="true"/>
      </extension>
    </extension>
    <extension url="http://hl7.org/fhir/tools/StructureDefinition/ig-internal-dependency">
      <valueCode value="hl7.fhir.uv.tools#0.1.0"/>
    </extension>
    <extension url="http://hl7.org/fhir/tools/StructureDefinition/ig-parameter">
      <extension url="code">
        <valueCode value="copyrightyear"/>
      </extension>
      <extension url="value">
        <valueString value="2023+"/>
      </extension>
    </extension>
    <extension url="http://hl7.org/fhir/tools/StructureDefinition/ig-parameter">
      <extension url="code">
        <valueCode value="releaselabel"/>
      </extension>
      <extension url="value">
        <valueString value="ci-build"/>
      </extension>
    </extension>
    <extension url="http://hl7.org/fhir/tools/StructureDefinition/ig-parameter">
      <extension url="code">
        <valueCode value="path-binary"/>
      </extension>
      <extension url="value">
        <valueString value="./input/cql"/>
      </extension>
    </extension>
    <extension url="http://hl7.org/fhir/tools/StructureDefinition/ig-parameter">
      <extension url="code">
        <valueCode value="suppressedWarningFile"/>
      </extension>
      <extension url="value">
        <valueString value="./input/ignoreWarnings.txt"/>
      </extension>
    </extension>
    <extension url="http://hl7.org/fhir/tools/StructureDefinition/ig-parameter">
      <extension url="code">
        <valueCode value="autoload-resources"/>
      </extension>
      <extension url="value">
        <valueString value="true"/>
      </extension>
    </extension>
    <extension url="http://hl7.org/fhir/tools/StructureDefinition/ig-parameter">
      <extension url="code">
        <valueCode value="path-liquid"/>
      </extension>
      <extension url="value">
        <valueString value="template/liquid"/>
      </extension>
    </extension>
    <extension url="http://hl7.org/fhir/tools/StructureDefinition/ig-parameter">
      <extension url="code">
        <valueCode value="path-liquid"/>
      </extension>
      <extension url="value">
        <valueString value="input/liquid"/>
      </extension>
    </extension>
    <extension url="http://hl7.org/fhir/tools/StructureDefinition/ig-parameter">
      <extension url="code">
        <valueCode value="path-qa"/>
      </extension>
      <extension url="value">
        <valueString value="temp/qa"/>
      </extension>
    </extension>
    <extension url="http://hl7.org/fhir/tools/StructureDefinition/ig-parameter">
      <extension url="code">
        <valueCode value="path-temp"/>
      </extension>
      <extension url="value">
        <valueString value="temp/pages"/>
      </extension>
    </extension>
    <extension url="http://hl7.org/fhir/tools/StructureDefinition/ig-parameter">
      <extension url="code">
        <valueCode value="path-output"/>
      </extension>
      <extension url="value">
        <valueString value="output"/>
      </extension>
    </extension>
    <extension url="http://hl7.org/fhir/tools/StructureDefinition/ig-parameter">
      <extension url="code">
        <valueCode value="path-suppressed-warnings"/>
      </extension>
      <extension url="value">
        <valueString value="input/ignoreWarnings.txt"/>
      </extension>
    </extension>
    <extension url="http://hl7.org/fhir/tools/StructureDefinition/ig-parameter">
      <extension url="code">
        <valueCode value="path-history"/>
      </extension>
      <extension url="value">
        <valueString value="http://example.org/history.html"/>
      </extension>
    </extension>
    <extension url="http://hl7.org/fhir/tools/StructureDefinition/ig-parameter">
      <extension url="code">
        <valueCode value="template-html"/>
      </extension>
      <extension url="value">
        <valueString value="template-page.html"/>
      </extension>
    </extension>
    <extension url="http://hl7.org/fhir/tools/StructureDefinition/ig-parameter">
      <extension url="code">
        <valueCode value="template-md"/>
      </extension>
      <extension url="value">
        <valueString value="template-page-md.html"/>
      </extension>
    </extension>
    <extension url="http://hl7.org/fhir/tools/StructureDefinition/ig-parameter">
      <extension url="code">
        <valueCode value="apply-contact"/>
      </extension>
      <extension url="value">
        <valueString value="true"/>
      </extension>
    </extension>
    <extension url="http://hl7.org/fhir/tools/StructureDefinition/ig-parameter">
      <extension url="code">
        <valueCode value="apply-context"/>
      </extension>
      <extension url="value">
        <valueString value="true"/>
      </extension>
    </extension>
    <extension url="http://hl7.org/fhir/tools/StructureDefinition/ig-parameter">
      <extension url="code">
        <valueCode value="apply-copyright"/>
      </extension>
      <extension url="value">
        <valueString value="true"/>
      </extension>
    </extension>
    <extension url="http://hl7.org/fhir/tools/StructureDefinition/ig-parameter">
      <extension url="code">
        <valueCode value="apply-jurisdiction"/>
      </extension>
      <extension url="value">
        <valueString value="true"/>
      </extension>
    </extension>
    <extension url="http://hl7.org/fhir/tools/StructureDefinition/ig-parameter">
      <extension url="code">
        <valueCode value="apply-license"/>
      </extension>
      <extension url="value">
        <valueString value="true"/>
      </extension>
    </extension>
    <extension url="http://hl7.org/fhir/tools/StructureDefinition/ig-parameter">
      <extension url="code">
        <valueCode value="apply-publisher"/>
      </extension>
      <extension url="value">
        <valueString value="true"/>
      </extension>
    </extension>
    <extension url="http://hl7.org/fhir/tools/StructureDefinition/ig-parameter">
      <extension url="code">
        <valueCode value="apply-version"/>
      </extension>
      <extension url="value">
        <valueString value="true"/>
      </extension>
    </extension>
    <extension url="http://hl7.org/fhir/tools/StructureDefinition/ig-parameter">
      <extension url="code">
        <valueCode value="apply-wg"/>
      </extension>
      <extension url="value">
        <valueString value="true"/>
      </extension>
    </extension>
    <extension url="http://hl7.org/fhir/tools/StructureDefinition/ig-parameter">
      <extension url="code">
        <valueCode value="active-tables"/>
      </extension>
      <extension url="value">
        <valueString value="true"/>
      </extension>
    </extension>
    <extension url="http://hl7.org/fhir/tools/StructureDefinition/ig-parameter">
      <extension url="code">
        <valueCode value="fmm-definition"/>
      </extension>
      <extension url="value">
        <valueString value="http://hl7.org/fhir/versions.html#maturity"/>
      </extension>
    </extension>
    <extension url="http://hl7.org/fhir/tools/StructureDefinition/ig-parameter">
      <extension url="code">
        <valueCode value="propagate-status"/>
      </extension>
      <extension url="value">
        <valueString value="true"/>
      </extension>
    </extension>
    <extension url="http://hl7.org/fhir/tools/StructureDefinition/ig-parameter">
      <extension url="code">
        <valueCode value="excludelogbinaryformat"/>
      </extension>
      <extension url="value">
        <valueString value="true"/>
      </extension>
    </extension>
    <extension url="http://hl7.org/fhir/tools/StructureDefinition/ig-parameter">
      <extension url="code">
        <valueCode value="tabbed-snapshots"/>
      </extension>
      <extension url="value">
        <valueString value="true"/>
      </extension>
    </extension>
    <resource>
      <extension url="http://hl7.org/fhir/tools/StructureDefinition/resource-information">
        <valueString value="StructureDefinition:resource"/>
      </extension>
      <reference>
        <reference value="StructureDefinition/ActiveMethotrexateFeature"/>
      </reference>
      <name value="Active Methotrexate Feature"/>
      <description value="Case feature definition: patient has active methotrexate treatment"/>
      <exampleBoolean value="false"/>
    </resource>
    <resource>
      <extension url="http://hl7.org/fhir/tools/StructureDefinition/resource-information">
        <valueString value="StructureDefinition:resource"/>
      </extension>
      <reference>
        <reference value="StructureDefinition/ActiveSulfasalazineFeature"/>
      </reference>
      <name value="Active Sulfasalazine Feature"/>
      <description value="Case feature definition: patient has active methotrexate treatment"/>
      <exampleBoolean value="false"/>
    </resource>
    <resource>
      <extension url="http://hl7.org/fhir/tools/StructureDefinition/resource-information">
        <valueString value="Library"/>
      </extension>
      <reference>
        <reference value="Library/ActiveMethotrexateFeatureLogic"/>
      </reference>
      <name value="ActiveMethotrexateFeatureLogic"/>
      <description value="Case Feature Definition Logic for Active Methotrexate"/>
      <exampleBoolean value="false"/>
    </resource>
    <resource>
      <extension url="http://hl7.org/fhir/tools/StructureDefinition/resource-information">
        <valueString value="Library"/>
      </extension>
      <reference>
        <reference value="Library/ActiveSulfasalazineFeatureLogic"/>
      </reference>
      <name value="ActiveSulfasalazineFeatureLogic"/>
      <description value="Case Feature Definition Logic for Active Sulfasalazine"/>
      <exampleBoolean value="false"/>
    </resource>
    <resource>
      <extension url="http://hl7.org/fhir/tools/StructureDefinition/resource-information">
        <valueString value="Observation"/>
      </extension>
      <reference>
        <reference value="Observation/ActiveSulfasalazineFeatureObservation"/>
      </reference>
      <name value="ActiveSulfasalazineFeatureObservation"/>
      <exampleCanonical value="http://example.org/StructureDefinition/ActiveSulfasalazineFeature"/>
    </resource>
    <resource>
      <extension url="http://hl7.org/fhir/tools/StructureDefinition/resource-information">
        <valueString value="Observation"/>
      </extension>
      <reference>
        <reference value="Observation/ActiveSulfasalazineFeatureObservation1"/>
      </reference>
      <name value="ActiveSulfasalazineFeatureObservation1"/>
      <exampleCanonical value="http://example.org/StructureDefinition/ActiveSulfasalazineFeature"/>
    </resource>
    <resource>
      <extension url="http://hl7.org/fhir/tools/StructureDefinition/resource-information">
        <valueString value="Questionnaire"/>
      </extension>
      <reference>
        <reference value="Questionnaire/ActiveSulfasalazineFeatureQuestionnaire1"/>
      </reference>
      <name value="ActiveSulfasalazineFeatureQuestionnaire1"/>
      <exampleBoolean value="true"/>
    </resource>
    <resource>
      <extension url="http://hl7.org/fhir/tools/StructureDefinition/resource-information">
        <valueString value="Library"/>
      </extension>
      <reference>
        <reference value="Library/ApplicabilityLogic"/>
      </reference>
      <name value="ApplicabilityLogic"/>
      <description value="Applicability Logic Library"/>
      <exampleBoolean value="false"/>
    </resource>
    <resource>
      <extension url="http://hl7.org/fhir/tools/StructureDefinition/resource-information">
        <valueString value="Bundle"/>
      </extension>
      <reference>
        <reference value="Bundle/ApplyOutput1"/>
      </reference>
      <name value="ApplyOutput1"/>
      <description value="Output with action.condition that does apply - Case1"/>
      <exampleBoolean value="true"/>
    </resource>
    <resource>
      <extension url="http://hl7.org/fhir/tools/StructureDefinition/resource-information">
        <valueString value="Bundle"/>
      </extension>
      <reference>
        <reference value="Bundle/ApplyOutput2"/>
      </reference>
      <name value="ApplyOutput2"/>
      <description value="Output with action.condition that does not apply - Case2"/>
      <exampleBoolean value="true"/>
    </resource>
    <resource>
      <extension url="http://hl7.org/fhir/tools/StructureDefinition/resource-information">
        <valueString value="Parameters"/>
      </extension>
      <reference>
        <reference value="Parameters/ApplyParameters1"/>
      </reference>
      <name value="ApplyParameters1"/>
      <exampleBoolean value="true"/>
    </resource>
    <resource>
      <extension url="http://hl7.org/fhir/tools/StructureDefinition/resource-information">
        <valueString value="Parameters"/>
      </extension>
      <reference>
        <reference value="Parameters/ApplyParameters2"/>
      </reference>
      <name value="ApplyParameters2"/>
      <exampleBoolean value="true"/>
    </resource>
    <resource>
      <extension url="http://hl7.org/fhir/tools/StructureDefinition/resource-information">
        <valueString value="Parameters"/>
      </extension>
      <reference>
        <reference value="Parameters/AssembleParameters1"/>
      </reference>
      <name value="AssembleParameters1"/>
      <exampleBoolean value="true"/>
    </resource>
    <resource>
      <extension url="http://hl7.org/fhir/tools/StructureDefinition/resource-information">
        <valueString value="Bundle"/>
      </extension>
      <reference>
        <reference value="Bundle/BundleCase1Modified"/>
      </reference>
      <name value="BundleCase1Modified"/>
      <description value="Test case inferred Sulfasalazine and no CBC - with newly asserted Sulfasalazine observation - Case1"/>
      <exampleBoolean value="true"/>
    </resource>
    <resource>
      <extension url="http://hl7.org/fhir/tools/StructureDefinition/resource-information">
        <valueString value="Bundle"/>
      </extension>
      <reference>
        <reference value="Bundle/BundleCase2Modified"/>
      </reference>
      <name value="BundleCase2Modified"/>
      <description value="Test case inferred Sulfasalazine and no CBC - with newly asserted Sulfasalazine and CBC observations - Case2"/>
      <exampleBoolean value="true"/>
    </resource>
    <resource>
      <extension url="http://hl7.org/fhir/tools/StructureDefinition/resource-information">
        <valueString value="CodeSystem"/>
      </extension>
      <reference>
        <reference value="CodeSystem/CaseFeatureCodes"/>
      </reference>
      <name value="CaseFeatureCodes"/>
      <exampleBoolean value="false"/>
    </resource>
    <resource>
      <extension url="http://hl7.org/fhir/tools/StructureDefinition/resource-information">
        <valueString value="Library"/>
      </extension>
      <reference>
        <reference value="Library/Common"/>
      </reference>
      <name value="Common"/>
      <description value="Common Library"/>
      <exampleBoolean value="false"/>
    </resource>
    <resource>
      <extension url="http://hl7.org/fhir/tools/StructureDefinition/resource-information">
        <valueString value="Encounter"/>
      </extension>
      <reference>
        <reference value="Encounter/Encounter1"/>
      </reference>
      <name value="Encounter1"/>
      <exampleBoolean value="true"/>
    </resource>
    <resource>
      <extension url="http://hl7.org/fhir/tools/StructureDefinition/resource-information">
        <valueString value="Bundle"/>
      </extension>
      <reference>
        <reference value="Bundle/ExtractOutput1"/>
      </reference>
      <name value="ExtractOutput1"/>
      <description value="Bundle of observations from $extract - Case1"/>
      <exampleBoolean value="true"/>
    </resource>
    <resource>
      <extension url="http://hl7.org/fhir/tools/StructureDefinition/resource-information">
        <valueString value="Bundle"/>
      </extension>
      <reference>
        <reference value="Bundle/ExtractOutput2"/>
      </reference>
      <name value="ExtractOutput2"/>
      <description value="Bundle of observations from $extract - Case2"/>
      <exampleBoolean value="true"/>
    </resource>
    <resource>
      <extension url="http://hl7.org/fhir/tools/StructureDefinition/resource-information">
        <valueString value="Library"/>
      </extension>
      <reference>
        <reference value="Library/FHIRCommon"/>
      </reference>
      <name value="FHIRCommon"/>
      <description value="FHIR Helpers Library"/>
      <exampleBoolean value="false"/>
    </resource>
    <resource>
      <extension url="http://hl7.org/fhir/tools/StructureDefinition/resource-information">
        <valueString value="Library"/>
      </extension>
      <reference>
        <reference value="Library/FHIRHelpers"/>
      </reference>
      <name value="FHIRHelpers"/>
      <description value="FHIR Helpers Library"/>
      <exampleBoolean value="false"/>
    </resource>
    <resource>
      <extension url="http://hl7.org/fhir/tools/StructureDefinition/resource-information">
        <valueString value="Bundle"/>
      </extension>
      <reference>
        <reference value="Bundle/InitialBundle"/>
      </reference>
      <name value="InitialBundle"/>
      <description value="Test case inferred Sulfasalazine and no CBC"/>
      <exampleBoolean value="true"/>
    </resource>
    <resource>
      <extension url="http://hl7.org/fhir/tools/StructureDefinition/resource-information">
        <valueString value="StructureDefinition:resource"/>
      </extension>
      <reference>
        <reference value="StructureDefinition/LastCbcPanelReportDateFeature"/>
      </reference>
      <name value="Last CBC Panel Report Date Feature"/>
      <description value="Case feature definition: patient's last CBC report date"/>
      <exampleBoolean value="false"/>
    </resource>
    <resource>
      <extension url="http://hl7.org/fhir/tools/StructureDefinition/resource-information">
        <valueString value="Library"/>
      </extension>
      <reference>
        <reference value="Library/LastCbcPanelReportDateFeatureLogic"/>
      </reference>
      <name value="LastCbcPanelReportDateFeatureLogic"/>
      <description value="Case Feature Definition Logic for CBC Panel Report Date"/>
      <exampleBoolean value="false"/>
    </resource>
    <resource>
      <extension url="http://hl7.org/fhir/tools/StructureDefinition/resource-information">
        <valueString value="Observation"/>
      </extension>
      <reference>
        <reference value="Observation/LastCbcPanelReportDateFeatureObservation1"/>
      </reference>
      <name value="LastCbcPanelReportDateFeatureObservation1"/>
      <exampleCanonical value="http://example.org/StructureDefinition/LastCbcPanelReportDateFeature"/>
    </resource>
    <resource>
      <extension url="http://hl7.org/fhir/tools/StructureDefinition/resource-information">
        <valueString value="Questionnaire"/>
      </extension>
      <reference>
        <reference value="Questionnaire/LastCbcPanelReportDateFeatureQuestionnaire1"/>
      </reference>
      <name value="LastCbcPanelReportDateFeatureQuestionnaire1"/>
      <exampleBoolean value="true"/>
    </resource>
    <resource>
      <extension url="http://hl7.org/fhir/tools/StructureDefinition/resource-information">
        <valueString value="MedicationRequest"/>
      </extension>
      <reference>
        <reference value="MedicationRequest/MedicationRequest1"/>
      </reference>
      <name value="MedicationRequest1"/>
      <exampleBoolean value="true"/>
    </resource>
    <resource>
      <extension url="http://hl7.org/fhir/tools/StructureDefinition/resource-information">
        <valueString value="ValueSet"/>
      </extension>
      <reference>
        <reference value="ValueSet/2.16.840.1.113762.1.4.1116.181-20200902"/>
      </reference>
      <name value="Methotrexate"/>
      <description value="This value set contains concepts that represent the medication Methotrexate"/>
      <exampleBoolean value="false"/>
    </resource>
    <resource>
      <extension url="http://hl7.org/fhir/tools/StructureDefinition/resource-information">
        <valueString value="PlanDefinition"/>
      </extension>
      <reference>
        <reference value="PlanDefinition/MethotrexateMonitoringRecommendation"/>
      </reference>
      <name value="Methotrexate Monitoring Recommendation"/>
      <description value="Monitoring tests for antirheumatic drug therapy for Methotrexate."/>
      <exampleBoolean value="false"/>
    </resource>
    <resource>
      <extension url="http://hl7.org/fhir/tools/StructureDefinition/resource-information">
        <valueString value="Questionnaire"/>
      </extension>
      <reference>
        <reference value="Questionnaire/ModularQuestionnaire1"/>
      </reference>
      <name value="ModularQuestionnaire1"/>
      <exampleBoolean value="true"/>
    </resource>
    <resource>
      <extension url="http://hl7.org/fhir/tools/StructureDefinition/resource-information">
        <valueString value="PlanDefinition"/>
      </extension>
      <reference>
        <reference value="PlanDefinition/MonitoringTestsForAntirheumaticDrugTherapy"/>
      </reference>
      <name value="Monitoring Tests for Antirheumatic Drug Therapy"/>
      <description value="* As the individual efficacy and tolerability of drug therapy cannot be predicted, patients should be closely monitored by laboratory tests (see safety monitoring tables 1 and 2) and clinically.&#xA;* Recommendations concerning safety monitoring of antirheumatic medication vary to some extent in different areas. Consult local recommendations.&#xA;&#xA;*Table 1. Monitoring tests for antirheumatic drug therapy.*&#xA;Tests should also be performed 2-3 weeks after any increase in drug dose. ESR and CRP should be checked on visits to the doctor and otherwise as needed.&#xA;&#xA;| Drug         | Safety monitoring tests  |&#xA;|  :--- |  :--- |&#xA;| Methotrexate&#x9;                         ||&#xA;| At 3 weeks, 6 weeks, 12 weeks, then every 3-6 months | Basic blood count with platelets + differential count, ALT |&#xA;| Every 6 months  | Creatinine (in case of impaired renal function, dose reduction) |&#xA;| Sulfasalazine                     ||&#xA;| Every 6 months  | Basic blood count with platelets + differential count |&#xA;| Hydroxychloroquine                     ||&#xA;| No laboratory monitoring needed. Checkup by an ophthalmologist after 5 years of use||&#xA;&#xA;### One month after starting treatment&#xA;* Visit to a rheumatology nurse or, if necessary, a physician&#xA;&#xA;### Tree-month visit&#xA;* If remission has not been achieved, medication should be intensified.&#xA;* If methotrexate has been given orally, use of an injectable dosage form should now be started, and if the dose has been below 25 mg, it should be raised to this level now, unless there are contraindications to this.&#xA;* Poor response to treatment, several swollen joints and a high CRP level predict treatment failure. In such cases, a biological agent or a JAK inhibitor should be added to the regimen.&#xA;&#xA;### Six-month visit&#xA;* If remission has been achieved, glucocorticoid medication should be gradually reduced.&#xA;* If the patient still has objective signs of arthritis, a biological agent or JAK inhibitor should be started. The EULAR recommendation for management updated in 2016 prefers biological agents because the available safety data covers a longer period of use.&#xA;&#xA;### After six months&#xA;* The frequency of monitoring depends on disease activity.&#xA;* If remission has been achieved, follow-up visits should be scheduled for one and two years after the beginning of treatment.&#xA;* If, due to disease activity, major changes have had to be made to the medication or a biological agent or JAK inhibitor has had to be started, follow-up should be started from the beginning again, scheduling visits at 3 and 6 months."/>
      <exampleBoolean value="false"/>
    </resource>
    <resource>
      <extension url="http://hl7.org/fhir/tools/StructureDefinition/resource-information">
        <valueString value="ValueSet"/>
      </extension>
      <reference>
        <reference value="ValueSet/observation-status"/>
      </reference>
      <name value="ObservationStatus"/>
      <description value="Codes providing the status of an observation."/>
      <exampleBoolean value="false"/>
    </resource>
    <resource>
      <extension url="http://hl7.org/fhir/tools/StructureDefinition/resource-information">
        <valueString value="ActivityDefinition"/>
      </extension>
      <reference>
        <reference value="ActivityDefinition/OrderCBCActivity"/>
      </reference>
      <name value="Order CBC Activity"/>
      <description value="Order hemogram plus platelet count labratory panel"/>
      <exampleBoolean value="false"/>
    </resource>
    <resource>
      <extension url="http://hl7.org/fhir/tools/StructureDefinition/resource-information">
        <valueString value="Organization"/>
      </extension>
      <reference>
        <reference value="Organization/OrganizationShared"/>
      </reference>
      <name value="OrganizationShared"/>
      <exampleBoolean value="true"/>
    </resource>
    <resource>
      <extension url="http://hl7.org/fhir/tools/StructureDefinition/resource-information">
        <valueString value="Patient"/>
      </extension>
      <reference>
        <reference value="Patient/Patient1"/>
      </reference>
      <name value="Patient1"/>
      <exampleBoolean value="true"/>
    </resource>
    <resource>
      <extension url="http://hl7.org/fhir/tools/StructureDefinition/resource-information">
        <valueString value="Practitioner"/>
      </extension>
      <reference>
        <reference value="Practitioner/PractitionerShared"/>
      </reference>
      <name value="PractitionerShared"/>
      <exampleBoolean value="true"/>
    </resource>
    <resource>
      <extension url="http://hl7.org/fhir/tools/StructureDefinition/resource-information">
        <valueString value="Questionnaire"/>
      </extension>
      <reference>
        <reference value="Questionnaire/QuestionnaireAssembled1"/>
      </reference>
      <name value="QuestionnaireAssembled1"/>
      <description value="Assembeled Questionnaire - Case1"/>
      <exampleBoolean value="true"/>
    </resource>
    <resource>
      <extension url="http://hl7.org/fhir/tools/StructureDefinition/resource-information">
        <valueString value="Bundle"/>
      </extension>
      <reference>
        <reference value="Bundle/QuestionnaireOutput1"/>
      </reference>
      <name value="QuestionnaireOutput1"/>
      <description value="Bundle of questionnaires from $questionnaire - Case1"/>
      <exampleBoolean value="true"/>
    </resource>
    <resource>
      <extension url="http://hl7.org/fhir/tools/StructureDefinition/resource-information">
        <valueString value="Parameters"/>
      </extension>
      <reference>
        <reference value="Parameters/QuestionnaireParameters1"/>
      </reference>
      <name value="QuestionnaireParameters1"/>
      <exampleBoolean value="true"/>
    </resource>
    <resource>
      <extension url="http://hl7.org/fhir/tools/StructureDefinition/resource-information">
        <valueString value="QuestionnaireResponse"/>
      </extension>
      <reference>
        <reference value="QuestionnaireResponse/QuestionnaireResponse1"/>
      </reference>
      <name value="QuestionnaireResponse1"/>
      <description value="Questionnaire response with no modified answers - Case1"/>
      <exampleBoolean value="true"/>
    </resource>
    <resource>
      <extension url="http://hl7.org/fhir/tools/StructureDefinition/resource-information">
        <valueString value="QuestionnaireResponse"/>
      </extension>
      <reference>
        <reference value="QuestionnaireResponse/QuestionnaireResponse2"/>
      </reference>
      <name value="QuestionnaireResponse2"/>
      <description value="Questionnaire response with answer to 'Last CBC Report' - Case2"/>
      <exampleBoolean value="true"/>
    </resource>
    <resource>
      <extension url="http://hl7.org/fhir/tools/StructureDefinition/resource-information">
        <valueString value="PlanDefinition"/>
      </extension>
      <reference>
        <reference value="PlanDefinition/RheumatoidArthritisGuideline"/>
      </reference>
      <name value="Rheumatoid Arthritis Guideline"/>
      <description value="### Essentials&#xA;* If rheumatoid arthritis (RA) is suspected, the patient should be referred without delay to a rheumatology outpatient clinic.&#xA;  * RA as an immunological disorder may begin several years before the appearance of symptoms, which may, at first, be unspecific, making it impossible to distinguish incipient RA from other types of arthritis.&#xA;  * If there is inflammation in several, particularly small, joints, and rheumatoid factor and/or citrullinated peptide antibodies in blood, the patient probably has RA. Seronegative polyarthritis differs from seropositive polyarthritis as regards genetics and its more favourable prognosis, and it may prove in follow-up to be psoriatic arthropathy, for example.&#xA;  * ESR and CRP may be normal.&#xA;  * Systemic glucocorticoids interfere with the diagnosis and should therefore not be started in primary health care, but a glucocorticoid can be injected as first aid into inflamed joints.&#xA;  * New patients with symptoms of arthritis need to see a rheumatologist unless the diagnosis is evident and treatment can be provided on the primary care level, as is often the case with gout or reactive arthritis.&#xA;* RA is a progressive, debilitating disease but effective medication started early can make more than half of newly diagnosed patients asymptomatic within six months.&#xA;* The basic medication consists of a combination of methotrexate, sulfasalazine and hydroxychloroquine. Low glucocorticoid doses should be added to the regimen for at least a few months.&#xA;* Inflamed joints should be treated with glucocorticoid injections.&#xA;* RA not responding to combination drug therapy should be treated with biologicals biologicals or with a janus kinase (JAK) inhibitor.&#xA;* Physical exercise will improve the patient's functional ability and reduce the risk of cardiovascular disease.&#xA;&#xA;### Epidemiology&#xA;* About 40 adults per 100 000 per year develop RA.&#xA;* The age at onset is most commonly 65-70 years but two in three of those developing the disease are younger than 65 years old.&#xA;* Two in three patients are women.&#xA;* Some people are genetically susceptible to RA.&#xA;* Smoking doubles the risk of the disease.&#xA;&#xA;### Symptoms&#xA;* The onset of RA is usually insidious.&#xA;* Morning stiffness, tender and swollen joints are typical.&#xA;* Proximal interphalangeal and metacarpophalangeal joints, wrists, and balls of the feet are most commonly affected but basically any joint may become inflamed.&#xA;* Fatigue, malaise and mild fever may occur as systemic symptoms.&#xA;&#xA;### Investigations in primary care&#xA;* See the article Clinical examination of patients with joint inflammation in primary health care 1.&#xA;* Palpation can be used to find out whether a patient with joint symptoms has arthritis.&#xA;* An inflamed joint is characterized by soft swelling, tenderness, pain on movement and a limited range of motion.&#xA;  * Fist closure is often limited in patients with inflammation of small finger joints or with flexor tenosynovitis.&#xA;  * Tenderness on lateral squeezing of the knuckles or balls of the feet suggests arthritis.&#xA;  * It may be difficult to distinguish arthritis from osteoarthritis. In fingers, osteoarthritis occurs in the distal or proximal interphalangeal joints, RA in proximal interphalangeal and metacarpophalangeal joints. Patients with osteoarthritis may develop rheumatoid arthritis.&#xA;* Laboratory tests: ESR, CRP, basic blood count with platelets, RF, anti-CCP antibodies&#xA;  * ALT, ALP, creatinine, urate, Borrelia antibodies, chemical screening of urine, ANAs, antibodies to diagnose reactive arthritis, as considered necessary (see Reactive arthritis &gt; Diagnosis 2).&#xA;* If intra-articular injections are given, a synovial fluid sample should be taken at the same time for examination (synovial fluid leucocytes + differential count from synovial fluid, bacterial culture, possibly synovial fluid crystals), if fluid can be aspirated; see the article 3.&#xA;  * In patients with arthritis, synovial fluid is cloudy, with a leucocyte count exceeding 2 000 x 106/l.&#xA;  * Highly cloudy synovial fluid suggests bacterial arthritis, usually monoarthritis.&#xA;* Imaging of patients with arthritis should mainly be performed at a rheumatology outpatient clinic.&#xA;&#xA;### Principles of drug treatment&#xA;* RA should be diagnosed and medication begun at a rheumatology outpatient clinic.&#xA;---"/>
      <exampleBoolean value="false"/>
    </resource>
    <resource>
      <extension url="http://hl7.org/fhir/tools/StructureDefinition/resource-information">
        <valueString value="PlanDefinition"/>
      </extension>
      <reference>
        <reference value="PlanDefinition/SulfasalazineMonitoringRecommendation"/>
      </reference>
      <name value="Sulfasalazine Monitoring Recommendation"/>
      <description value="Monitoring tests for antirheumatic drug therapy for Sulfasalazine."/>
      <exampleBoolean value="false"/>
    </resource>
    <resource>
      <extension url="http://hl7.org/fhir/tools/StructureDefinition/resource-information">
        <valueString value="ValueSet"/>
      </extension>
      <reference>
        <reference value="ValueSet/sulfasalazine-vs"/>
      </reference>
      <name value="SulfasalazineVS"/>
      <exampleBoolean value="false"/>
    </resource>
    <page>
      <extension url="http://hl7.org/fhir/tools/StructureDefinition/ig-page-name">
        <valueUrl value="toc.html"/>
      </extension>
      <nameUrl value="toc.html"/>
      <title value="Table of Contents"/>
      <generation value="html"/>
      <page>
        <extension url="http://hl7.org/fhir/tools/StructureDefinition/ig-page-name">
          <valueUrl value="index.html"/>
        </extension>
        <nameUrl value="index.html"/>
        <title value="Home"/>
        <generation value="markdown"/>
      </page>
    </page>
    <parameter>
      <code value="path-resource"/>
      <value value="input/capabilities"/>
    </parameter>
    <parameter>
      <code value="path-resource"/>
      <value value="input/examples"/>
    </parameter>
    <parameter>
      <code value="path-resource"/>
      <value value="input/extensions"/>
    </parameter>
    <parameter>
      <code value="path-resource"/>
      <value value="input/models"/>
    </parameter>
    <parameter>
      <code value="path-resource"/>
      <value value="input/operations"/>
    </parameter>
    <parameter>
      <code value="path-resource"/>
      <value value="input/profiles"/>
    </parameter>
    <parameter>
      <code value="path-resource"/>
      <value value="input/resources"/>
    </parameter>
    <parameter>
      <code value="path-resource"/>
      <value value="input/vocabulary"/>
    </parameter>
    <parameter>
      <code value="path-resource"/>
      <value value="input/maps"/>
    </parameter>
    <parameter>
      <code value="path-resource"/>
      <value value="input/testing"/>
    </parameter>
    <parameter>
      <code value="path-resource"/>
      <value value="input/history"/>
    </parameter>
    <parameter>
      <code value="path-resource"/>
      <value value="fsh-generated/resources"/>
    </parameter>
    <parameter>
      <code value="path-pages"/>
      <value value="template/config"/>
    </parameter>
    <parameter>
      <code value="path-pages"/>
      <value value="input/images"/>
    </parameter>
    <parameter>
      <code value="path-tx-cache"/>
      <value value="input-cache/txcache"/>
    </parameter>
  </definition>
</ImplementationGuide>