<?xml version="1.0" encoding="UTF-8"?>
<library xmlns="urn:hl7-org:elm:r1" xmlns:t="urn:hl7-org:elm-types:r1" xmlns:xsi="http://www.w3.org/2001/XMLSchema-instance" xmlns:xsd="http://www.w3.org/2001/XMLSchema" xmlns:fhir="http://hl7.org/fhir" xmlns:qdm43="urn:healthit-gov:qdm:v4_3" xmlns:qdm53="urn:healthit-gov:qdm:v5_3" xmlns:a="urn:hl7-org:cql-annotations:r1">
   <annotation translatorOptions="EnableAnnotations,EnableLocators" signatureLevel="None" xsi:type="a:CqlToElmInfo"/>
   <annotation xsi:type="a:Annotation">
      <a:s r="12">
         <a:s>library Common version '0.1.0'</a:s>
      </a:s>
   </annotation>
   <identifier id="Common" system="http://example.org" version="0.1.0"/>
   <schemaIdentifier id="urn:hl7-org:elm" version="r1"/>
   <usings>
      <def localIdentifier="System" uri="urn:hl7-org:elm-types:r1"/>
      <def localId="1" locator="3:1-3:26" localIdentifier="FHIR" uri="http://hl7.org/fhir" version="4.0.1">
         <annotation xsi:type="a:Annotation">
            <a:s r="1">
               <a:s>using </a:s>
               <a:s>
                  <a:s>FHIR</a:s>
               </a:s>
               <a:s> version '4.0.1'</a:s>
            </a:s>
         </annotation>
      </def>
   </usings>
   <contexts>
      <def locator="5:1-5:15" name="Patient"/>
   </contexts>
   <statements>
      <def locator="5:1-5:15" name="Patient" context="Patient">
         <expression xsi:type="SingletonFrom">
            <operand locator="5:1-5:15" dataType="fhir:Patient" templateId="http://hl7.org/fhir/StructureDefinition/Patient" xsi:type="Retrieve"/>
         </expression>
      </def>
      <def localId="12" locator="7:1-11:3" name="MostRecent" context="Patient" accessLevel="Public" xsi:type="FunctionDef">
         <annotation xsi:type="a:Annotation">
            <a:s r="12">
               <a:s>define function MostRecent(observationList List&lt;FHIR.Observation>):
  </a:s>
               <a:s r="11">
                  <a:s r="11">
                     <a:s>First(
    </a:s>
                     <a:s r="10">
                        <a:s>
                           <a:s r="5">
                              <a:s r="4">
                                 <a:s>
                                    <a:s>observationList</a:s>
                                 </a:s>
                              </a:s>
                              <a:s> Observation</a:s>
                           </a:s>
                        </a:s>
                        <a:s>
    </a:s>
                        <a:s r="9">
                           <a:s>sort by </a:s>
                           <a:s r="8">
                              <a:s r="7">
                                 <a:s r="6">
                                    <a:s>effective</a:s>
                                 </a:s>
                                 <a:s>.</a:s>
                                 <a:s r="7">
                                    <a:s>value</a:s>
                                 </a:s>
                              </a:s>
                              <a:s> descending</a:s>
                           </a:s>
                        </a:s>
                     </a:s>
                     <a:s>
  )</a:s>
                  </a:s>
               </a:s>
            </a:s>
         </annotation>
         <expression localId="11" locator="8:3-11:3" xsi:type="First">
            <source localId="10" locator="9:5-10:38" xsi:type="Query">
               <source localId="5" locator="9:5-9:31" alias="Observation">
                  <expression localId="4" locator="9:5-9:19" name="observationList" xsi:type="OperandRef"/>
               </source>
               <sort localId="9" locator="10:5-10:38">
                  <by localId="8" locator="10:13-10:38" direction="descending" xsi:type="ByExpression">
                     <expression localId="7" locator="10:13-10:27" path="value" xsi:type="Property">
                        <source localId="6" locator="10:13-10:21" name="effective" xsi:type="IdentifierRef"/>
                     </expression>
                  </by>
               </sort>
            </source>
         </expression>
         <operand name="observationList">
            <operandTypeSpecifier localId="3" locator="7:44-7:65" xsi:type="ListTypeSpecifier">
               <elementType localId="2" locator="7:49-7:64" name="fhir:Observation" xsi:type="NamedTypeSpecifier"/>
            </operandTypeSpecifier>
         </operand>
      </def>
   </statements>
</library>
