{
   "library" : {
      "annotation" : [ {
         "translatorOptions" : "EnableAnnotations,EnableLocators",
         "signatureLevel" : "None",
         "type" : "CqlToElmInfo"
      }, {
         "message" : "The function FHIRHelpers.ToString has multiple overloads and due to the SignatureLevel setting (None), the overload signature is not being included in the output. This may result in ambiguous function resolution at runtime, consider setting the SignatureLevel to Overloads or All to ensure that the output includes sufficient information to support correct overload selection at runtime.",
         "errorType" : "semantic",
         "errorSeverity" : "warning",
         "type" : "CqlToElmError"
      }, {
         "message" : "The function FHIRHelpers.ToString has multiple overloads and due to the SignatureLevel setting (None), the overload signature is not being included in the output. This may result in ambiguous function resolution at runtime, consider setting the SignatureLevel to Overloads or All to ensure that the output includes sufficient information to support correct overload selection at runtime.",
         "errorType" : "semantic",
         "errorSeverity" : "warning",
         "type" : "CqlToElmError"
      }, {
         "message" : "The function FHIRHelpers.ToString has multiple overloads and due to the SignatureLevel setting (None), the overload signature is not being included in the output. This may result in ambiguous function resolution at runtime, consider setting the SignatureLevel to Overloads or All to ensure that the output includes sufficient information to support correct overload selection at runtime.",
         "errorType" : "semantic",
         "errorSeverity" : "warning",
         "type" : "CqlToElmError"
      }, {
         "type" : "Annotation",
         "s" : {
            "r" : "58",
            "s" : [ {
               "value" : [ "","library ActiveSulfasalazineFeatureLogic version '0.1.0'" ]
            } ]
         }
      } ],
      "identifier" : {
         "id" : "ActiveSulfasalazineFeatureLogic",
         "system" : "http://example.org",
         "version" : "0.1.0"
      },
      "schemaIdentifier" : {
         "id" : "urn:hl7-org:elm",
         "version" : "r1"
      },
      "usings" : {
         "def" : [ {
            "localIdentifier" : "System",
            "uri" : "urn:hl7-org:elm-types:r1"
         }, {
            "localId" : "1",
            "locator" : "3:1-3:26",
            "localIdentifier" : "FHIR",
            "uri" : "http://hl7.org/fhir",
            "version" : "4.0.1",
            "annotation" : [ {
               "type" : "Annotation",
               "s" : {
                  "r" : "1",
                  "s" : [ {
                     "value" : [ "","using " ]
                  }, {
                     "s" : [ {
                        "value" : [ "FHIR" ]
                     } ]
                  }, {
                     "value" : [ " version '4.0.1'" ]
                  } ]
               }
            } ]
         } ]
      },
      "includes" : {
         "def" : [ {
            "localId" : "2",
            "locator" : "5:1-5:35",
            "localIdentifier" : "FHIRHelpers",
            "path" : "http://example.org/FHIRHelpers",
            "version" : "0.1.0",
            "annotation" : [ {
               "type" : "Annotation",
               "s" : {
                  "r" : "2",
                  "s" : [ {
                     "value" : [ "","include " ]
                  }, {
                     "s" : [ {
                        "value" : [ "FHIRHelpers" ]
                     } ]
                  }, {
                     "value" : [ " version ","'0.1.0'" ]
                  } ]
               }
            } ]
         }, {
            "localId" : "3",
            "locator" : "6:1-6:30",
            "localIdentifier" : "Common",
            "path" : "http://example.org/Common",
            "version" : "0.1.0",
            "annotation" : [ {
               "type" : "Annotation",
               "s" : {
                  "r" : "3",
                  "s" : [ {
                     "value" : [ "","include " ]
                  }, {
                     "s" : [ {
                        "value" : [ "Common" ]
                     } ]
                  }, {
                     "value" : [ " version ","'0.1.0'" ]
                  } ]
               }
            } ]
         } ]
      },
      "codeSystems" : {
         "def" : [ {
            "localId" : "4",
            "locator" : "8:1-8:79",
            "name" : "CaseFeatureCodes",
            "id" : "http://example.org/CodeSystem/CaseFeatureCodes",
            "accessLevel" : "Public",
            "annotation" : [ {
               "type" : "Annotation",
               "s" : {
                  "r" : "4",
                  "s" : [ {
                     "value" : [ "","codesystem ","\"CaseFeatureCodes\"",": ","'http://example.org/CodeSystem/CaseFeatureCodes'" ]
                  } ]
               }
            } ]
         } ]
      },
      "valueSets" : {
         "def" : [ {
            "localId" : "7",
            "locator" : "11:1-11:84",
            "name" : "Sulfasalazine Medications",
            "id" : "http://example.org/ValueSet/sulfasalazine-vs",
            "accessLevel" : "Public",
            "annotation" : [ {
               "type" : "Annotation",
               "s" : {
                  "r" : "7",
                  "s" : [ {
                     "value" : [ "","valueset ","\"Sulfasalazine Medications\"",": ","'http://example.org/ValueSet/sulfasalazine-vs'" ]
                  } ]
               }
            } ]
         } ]
      },
      "codes" : {
         "def" : [ {
            "localId" : "6",
            "locator" : "9:1-9:86",
            "name" : "On Sulfasalazine Feature",
            "id" : "on-medication-sulfasalazine",
            "accessLevel" : "Public",
            "annotation" : [ {
               "type" : "Annotation",
               "s" : {
                  "r" : "6",
                  "s" : [ {
                     "value" : [ "","code ","\"On Sulfasalazine Feature\"",": ","'on-medication-sulfasalazine'"," from " ]
                  }, {
                     "r" : "5",
                     "s" : [ {
                        "value" : [ "\"CaseFeatureCodes\"" ]
                     } ]
                  } ]
               }
            } ],
            "codeSystem" : {
               "localId" : "5",
               "locator" : "9:69-9:86",
               "name" : "CaseFeatureCodes"
            }
         } ]
      },
      "contexts" : {
         "def" : [ {
            "locator" : "13:1-13:15",
            "name" : "Patient"
         } ]
      },
      "statements" : {
         "def" : [ {
            "locator" : "13:1-13:15",
            "name" : "Patient",
            "context" : "Patient",
            "expression" : {
               "type" : "SingletonFrom",
               "operand" : {
                  "locator" : "13:1-13:15",
                  "dataType" : "{http://hl7.org/fhir}Patient",
                  "templateId" : "http://hl7.org/fhir/StructureDefinition/Patient",
                  "type" : "Retrieve"
               }
            }
         }, {
            "localId" : "16",
            "locator" : "15:1-17:56",
            "name" : "Active Sulfasalazine Orders",
            "context" : "Patient",
            "accessLevel" : "Public",
            "annotation" : [ {
               "type" : "Annotation",
               "s" : {
                  "r" : "16",
                  "s" : [ {
                     "value" : [ "","define ","\"Active Sulfasalazine Orders\"",":\n  " ]
                  }, {
                     "r" : "15",
                     "s" : [ {
                        "s" : [ {
                           "r" : "9",
                           "s" : [ {
                              "r" : "8",
                              "s" : [ {
                                 "r" : "8",
                                 "s" : [ {
                                    "value" : [ "[","MedicationRequest",": " ]
                                 }, {
                                    "s" : [ {
                                       "value" : [ "\"Sulfasalazine Medications\"" ]
                                    } ]
                                 }, {
                                    "value" : [ "]" ]
                                 } ]
                              } ]
                           }, {
                              "value" : [ " ","SulfasalazineMedication" ]
                           } ]
                        } ]
                     }, {
                        "value" : [ "\n    " ]
                     }, {
                        "r" : "14",
                        "s" : [ {
                           "value" : [ "where " ]
                        }, {
                           "r" : "14",
                           "s" : [ {
                              "r" : "11",
                              "s" : [ {
                                 "r" : "10",
                                 "s" : [ {
                                    "value" : [ "SulfasalazineMedication" ]
                                 } ]
                              }, {
                                 "value" : [ "." ]
                              }, {
                                 "r" : "11",
                                 "s" : [ {
                                    "value" : [ "status" ]
                                 } ]
                              } ]
                           }, {
                              "value" : [ " in " ]
                           }, {
                              "r" : "13",
                              "s" : [ {
                                 "value" : [ "{ " ]
                              }, {
                                 "r" : "12",
                                 "s" : [ {
                                    "value" : [ "'active'" ]
                                 } ]
                              }, {
                                 "value" : [ " }" ]
                              } ]
                           } ]
                        } ]
                     } ]
                  } ]
               }
            } ],
            "expression" : {
               "localId" : "15",
               "locator" : "16:3-17:56",
               "type" : "Query",
               "source" : [ {
                  "localId" : "9",
                  "locator" : "16:3-16:74",
                  "alias" : "SulfasalazineMedication",
                  "expression" : {
                     "localId" : "8",
                     "locator" : "16:3-16:50",
                     "type" : "Union",
                     "operand" : [ {
                        "dataType" : "{http://hl7.org/fhir}MedicationRequest",
                        "templateId" : "http://hl7.org/fhir/StructureDefinition/MedicationRequest",
                        "codeProperty" : "medication",
                        "codeComparator" : "in",
                        "type" : "Retrieve",
                        "codes" : {
                           "locator" : "16:23-16:49",
                           "name" : "Sulfasalazine Medications",
                           "preserve" : true,
                           "type" : "ValueSetRef"
                        }
                     }, {
                        "locator" : "16:3-16:50",
                        "type" : "Query",
                        "source" : [ {
                           "locator" : "16:3-16:50",
                           "alias" : "MR",
                           "expression" : {
                              "dataType" : "{http://hl7.org/fhir}MedicationRequest",
                              "templateId" : "http://hl7.org/fhir/StructureDefinition/MedicationRequest",
                              "type" : "Retrieve"
                           }
                        } ],
                        "relationship" : [ {
                           "locator" : "16:3-16:50",
                           "alias" : "M",
                           "type" : "With",
                           "expression" : {
                              "dataType" : "{http://hl7.org/fhir}Medication",
                              "templateId" : "http://hl7.org/fhir/StructureDefinition/Medication",
                              "type" : "Retrieve"
                           },
                           "suchThat" : {
                              "type" : "And",
                              "operand" : [ {
                                 "type" : "Equal",
                                 "operand" : [ {
                                    "name" : "ToString",
                                    "libraryName" : "FHIRHelpers",
                                    "type" : "FunctionRef",
                                    "operand" : [ {
                                       "path" : "id",
                                       "scope" : "M",
                                       "type" : "Property"
                                    } ]
                                 }, {
                                    "type" : "Last",
                                    "source" : {
                                       "type" : "Split",
                                       "stringToSplit" : {
                                          "name" : "ToString",
                                          "libraryName" : "FHIRHelpers",
                                          "type" : "FunctionRef",
                                          "operand" : [ {
                                             "path" : "medication.reference",
                                             "scope" : "MR",
                                             "type" : "Property"
                                          } ]
                                       },
                                       "separator" : {
                                          "valueType" : "{urn:hl7-org:elm-types:r1}String",
                                          "value" : "/",
                                          "type" : "Literal"
                                       }
                                    }
                                 } ]
                              }, {
                                 "type" : "InValueSet",
                                 "code" : {
                                    "name" : "ToConcept",
                                    "libraryName" : "FHIRHelpers",
                                    "type" : "FunctionRef",
                                    "operand" : [ {
                                       "path" : "code",
                                       "type" : "Property"
                                    } ]
                                 },
                                 "valueset" : {
                                    "locator" : "16:23-16:49",
                                    "name" : "Sulfasalazine Medications",
                                    "preserve" : true
                                 }
                              } ]
                           }
                        } ]
                     } ]
                  }
               } ],
               "relationship" : [ ],
               "where" : {
                  "localId" : "14",
                  "locator" : "17:5-17:56",
                  "type" : "In",
                  "operand" : [ {
                     "name" : "ToString",
                     "libraryName" : "FHIRHelpers",
                     "type" : "FunctionRef",
                     "operand" : [ {
                        "localId" : "11",
                        "locator" : "17:11-17:40",
                        "path" : "status",
                        "scope" : "SulfasalazineMedication",
                        "type" : "Property"
                     } ]
                  }, {
                     "localId" : "13",
                     "locator" : "17:45-17:56",
                     "type" : "List",
                     "element" : [ {
                        "localId" : "12",
                        "locator" : "17:47-17:54",
                        "valueType" : "{urn:hl7-org:elm-types:r1}String",
                        "value" : "active",
                        "type" : "Literal"
                     } ]
                  } ]
               }
            }
         }, {
            "localId" : "50",
            "locator" : "23:1-53:11",
            "name" : "On Sulfasalazine Inferred",
            "context" : "Patient",
            "accessLevel" : "Public",
            "annotation" : [ {
               "type" : "Annotation",
               "s" : {
                  "r" : "50",
                  "s" : [ {
                     "value" : [ "/**\n * @description\n * Inference if the patient is taking drug with a Sulfasalazine code\n */\n","define ","\"On Sulfasalazine Inferred\"",":\n  " ]
                  }, {
                     "r" : "49",
                     "s" : [ {
                        "value" : [ "if " ]
                     }, {
                        "r" : "18",
                        "s" : [ {
                           "value" : [ "exists" ]
                        }, {
                           "r" : "17",
                           "s" : [ {
                              "value" : [ "(" ]
                           }, {
                              "r" : "17",
                              "s" : [ {
                                 "value" : [ "\"Active Sulfasalazine Orders\"" ]
                              } ]
                           }, {
                              "value" : [ ")" ]
                           } ]
                        } ]
                     }, {
                        "value" : [ " then\n    " ]
                     }, {
                        "r" : "47",
                        "s" : [ {
                           "value" : [ "Observation"," {\n      " ]
                        }, {
                           "s" : [ {
                              "value" : [ "meta",": " ]
                           }, {
                              "r" : "22",
                              "s" : [ {
                                 "value" : [ "Meta"," {\n        " ]
                              }, {
                                 "s" : [ {
                                    "value" : [ "profile",": " ]
                                 }, {
                                    "r" : "21",
                                    "s" : [ {
                                       "value" : [ "{\n          " ]
                                    }, {
                                       "r" : "20",
                                       "s" : [ {
                                          "value" : [ "canonical"," { " ]
                                       }, {
                                          "s" : [ {
                                             "value" : [ "value",": " ]
                                          }, {
                                             "r" : "19",
                                             "s" : [ {
                                                "value" : [ "'http://example.org/StructureDefinition/ActiveSulfasalazineFeature'" ]
                                             } ]
                                          } ]
                                       }, {
                                          "value" : [ " }" ]
                                       } ]
                                    }, {
                                       "value" : [ "\n        }" ]
                                    } ]
                                 } ]
                              }, {
                                 "value" : [ "\n      }" ]
                              } ]
                           } ]
                        }, {
                           "value" : [ ",\n      " ]
                        }, {
                           "s" : [ {
                              "value" : [ "extension",": " ]
                           }, {
                              "r" : "33",
                              "s" : [ {
                                 "value" : [ "{\n        " ]
                              }, {
                                 "r" : "27",
                                 "s" : [ {
                                    "value" : [ "Extension"," {\n          " ]
                                 }, {
                                    "s" : [ {
                                       "value" : [ "url",": " ]
                                    }, {
                                       "r" : "24",
                                       "s" : [ {
                                          "value" : [ "url"," { " ]
                                       }, {
                                          "s" : [ {
                                             "value" : [ "value",": " ]
                                          }, {
                                             "r" : "23",
                                             "s" : [ {
                                                "value" : [ "'http://hl7.org/fhir/uv/cpg/StructureDefinition/cpg-instantiatesCaseFeature'" ]
                                             } ]
                                          } ]
                                       }, {
                                          "value" : [ " }" ]
                                       } ]
                                    } ]
                                 }, {
                                    "value" : [ ",\n          " ]
                                 }, {
                                    "s" : [ {
                                       "value" : [ "value",": " ]
                                    }, {
                                       "r" : "26",
                                       "s" : [ {
                                          "value" : [ "canonical"," { " ]
                                       }, {
                                          "s" : [ {
                                             "value" : [ "value",": " ]
                                          }, {
                                             "r" : "25",
                                             "s" : [ {
                                                "value" : [ "'http://example.org/StructureDefinition/ActiveSulfasalazineFeature'" ]
                                             } ]
                                          } ]
                                       }, {
                                          "value" : [ " }" ]
                                       } ]
                                    } ]
                                 }, {
                                    "value" : [ "\n        }" ]
                                 } ]
                              }, {
                                 "value" : [ ",\n        " ]
                              }, {
                                 "r" : "32",
                                 "s" : [ {
                                    "value" : [ "Extension"," {\n          " ]
                                 }, {
                                    "s" : [ {
                                       "value" : [ "url",": " ]
                                    }, {
                                       "r" : "29",
                                       "s" : [ {
                                          "value" : [ "url"," { " ]
                                       }, {
                                          "s" : [ {
                                             "value" : [ "value",": " ]
                                          }, {
                                             "r" : "28",
                                             "s" : [ {
                                                "value" : [ "'http://hl7.org/fhir/uv/cpg/StructureDefinition/cpg-caseFeatureType'" ]
                                             } ]
                                          } ]
                                       }, {
                                          "value" : [ " }" ]
                                       } ]
                                    } ]
                                 }, {
                                    "value" : [ ",\n          " ]
                                 }, {
                                    "s" : [ {
                                       "value" : [ "value",": " ]
                                    }, {
                                       "r" : "31",
                                       "s" : [ {
                                          "value" : [ "code"," { " ]
                                       }, {
                                          "s" : [ {
                                             "value" : [ "value",": " ]
                                          }, {
                                             "r" : "30",
                                             "s" : [ {
                                                "value" : [ "'inferred'" ]
                                             } ]
                                          } ]
                                       }, {
                                          "value" : [ " }" ]
                                       } ]
                                    } ]
                                 }, {
                                    "value" : [ "\n        }" ]
                                 } ]
                              }, {
                                 "value" : [ "\n      }" ]
                              } ]
                           } ]
                        }, {
                           "value" : [ ",\n      " ]
                        }, {
                           "s" : [ {
                              "value" : [ "status",": " ]
                           }, {
                              "r" : "35",
                              "s" : [ {
                                 "value" : [ "ObservationStatus"," { " ]
                              }, {
                                 "s" : [ {
                                    "value" : [ "value",": " ]
                                 }, {
                                    "r" : "34",
                                    "s" : [ {
                                       "value" : [ "'final'" ]
                                    } ]
                                 } ]
                              }, {
                                 "value" : [ " }" ]
                              } ]
                           } ]
                        }, {
                           "value" : [ ",\n      " ]
                        }, {
                           "s" : [ {
                              "value" : [ "effective",": " ]
                           }, {
                              "r" : "37",
                              "s" : [ {
                                 "value" : [ "dateTime"," { " ]
                              }, {
                                 "s" : [ {
                                    "value" : [ "value",": " ]
                                 }, {
                                    "r" : "36",
                                    "s" : [ {
                                       "value" : [ "Now","()" ]
                                    } ]
                                 } ]
                              }, {
                                 "value" : [ " }" ]
                              } ]
                           } ]
                        }, {
                           "value" : [ ",\n      " ]
                        }, {
                           "s" : [ {
                              "value" : [ "code",": " ]
                           }, {
                              "r" : "44",
                              "s" : [ {
                                 "value" : [ "CodeableConcept"," {\n        " ]
                              }, {
                                 "s" : [ {
                                    "value" : [ "coding",": " ]
                                 }, {
                                    "r" : "43",
                                    "s" : [ {
                                       "value" : [ "{\n          " ]
                                    }, {
                                       "r" : "42",
                                       "s" : [ {
                                          "value" : [ "Coding"," {\n            " ]
                                       }, {
                                          "s" : [ {
                                             "value" : [ "system",": " ]
                                          }, {
                                             "r" : "39",
                                             "s" : [ {
                                                "value" : [ "uri"," { " ]
                                             }, {
                                                "s" : [ {
                                                   "value" : [ "value",": " ]
                                                }, {
                                                   "r" : "38",
                                                   "s" : [ {
                                                      "value" : [ "'http://example.org/CodeSystem/CaseFeatureCodes'" ]
                                                   } ]
                                                } ]
                                             }, {
                                                "value" : [ " }" ]
                                             } ]
                                          } ]
                                       }, {
                                          "value" : [ ",\n            " ]
                                       }, {
                                          "s" : [ {
                                             "value" : [ "code",": " ]
                                          }, {
                                             "r" : "41",
                                             "s" : [ {
                                                "value" : [ "code"," { " ]
                                             }, {
                                                "s" : [ {
                                                   "value" : [ "value",": " ]
                                                }, {
                                                   "r" : "40",
                                                   "s" : [ {
                                                      "value" : [ "'on-medication-sulfasalazine'" ]
                                                   } ]
                                                } ]
                                             }, {
                                                "value" : [ " }" ]
                                             } ]
                                          } ]
                                       }, {
                                          "value" : [ "\n          }" ]
                                       } ]
                                    }, {
                                       "value" : [ "\n        }" ]
                                    } ]
                                 } ]
                              }, {
                                 "value" : [ "\n      }" ]
                              } ]
                           } ]
                        }, {
                           "value" : [ ",\n      " ]
                        }, {
                           "s" : [ {
                              "value" : [ "value",": " ]
                           }, {
                              "r" : "46",
                              "s" : [ {
                                 "value" : [ "boolean"," { " ]
                              }, {
                                 "s" : [ {
                                    "r" : "45",
                                    "value" : [ "value",": ","true" ]
                                 } ]
                              }, {
                                 "value" : [ " }" ]
                              } ]
                           } ]
                        }, {
                           "value" : [ "\n    }" ]
                        } ]
                     }, {
                        "r" : "48",
                        "value" : [ "\n  else ","null" ]
                     } ]
                  } ]
               }
            } ],
            "expression" : {
               "localId" : "49",
               "locator" : "24:3-53:11",
               "type" : "If",
               "condition" : {
                  "localId" : "18",
                  "locator" : "24:6-24:42",
                  "type" : "Exists",
                  "operand" : {
                     "localId" : "17",
                     "locator" : "24:12-24:42",
                     "name" : "Active Sulfasalazine Orders",
                     "type" : "ExpressionRef"
                  }
               },
               "then" : {
                  "localId" : "47",
                  "locator" : "25:5-52:5",
                  "classType" : "{http://hl7.org/fhir}Observation",
                  "type" : "Instance",
                  "element" : [ {
                     "name" : "meta",
                     "value" : {
                        "localId" : "22",
                        "locator" : "26:13-30:7",
                        "classType" : "{http://hl7.org/fhir}Meta",
                        "type" : "Instance",
                        "element" : [ {
                           "name" : "profile",
                           "value" : {
                              "localId" : "21",
                              "locator" : "27:18-29:9",
                              "type" : "List",
                              "element" : [ {
                                 "localId" : "20",
                                 "locator" : "28:11-28:98",
                                 "classType" : "{http://hl7.org/fhir}canonical",
                                 "type" : "Instance",
                                 "element" : [ {
                                    "name" : "value",
                                    "value" : {
                                       "localId" : "19",
                                       "locator" : "28:30-28:96",
                                       "valueType" : "{urn:hl7-org:elm-types:r1}String",
                                       "value" : "http://example.org/StructureDefinition/ActiveSulfasalazineFeature",
                                       "type" : "Literal"
                                    }
                                 } ]
                              } ]
                           }
                        } ]
                     }
                  }, {
                     "name" : "extension",
                     "value" : {
                        "localId" : "33",
                        "locator" : "31:18-40:7",
                        "type" : "List",
                        "element" : [ {
                           "localId" : "27",
                           "locator" : "32:9-35:9",
                           "classType" : "{http://hl7.org/fhir}Extension",
                           "type" : "Instance",
                           "element" : [ {
                              "name" : "url",
                              "value" : {
                                 "localId" : "24",
                                 "locator" : "33:16-33:106",
                                 "classType" : "{http://hl7.org/fhir}url",
                                 "type" : "Instance",
                                 "element" : [ {
                                    "name" : "value",
                                    "value" : {
                                       "localId" : "23",
                                       "locator" : "33:29-33:104",
                                       "valueType" : "{urn:hl7-org:elm-types:r1}String",
                                       "value" : "http://hl7.org/fhir/uv/cpg/StructureDefinition/cpg-instantiatesCaseFeature",
                                       "type" : "Literal"
                                    }
                                 } ]
                              }
                           }, {
                              "name" : "value",
                              "value" : {
                                 "type" : "As",
                                 "operand" : {
                                    "localId" : "26",
                                    "locator" : "34:18-34:105",
                                    "classType" : "{http://hl7.org/fhir}canonical",
                                    "type" : "Instance",
                                    "element" : [ {
                                       "name" : "value",
                                       "value" : {
                                          "localId" : "25",
                                          "locator" : "34:37-34:103",
                                          "valueType" : "{urn:hl7-org:elm-types:r1}String",
                                          "value" : "http://example.org/StructureDefinition/ActiveSulfasalazineFeature",
                                          "type" : "Literal"
                                       }
                                    } ]
                                 },
                                 "asTypeSpecifier" : {
                                    "type" : "ChoiceTypeSpecifier",
                                    "choice" : [ {
                                       "name" : "{http://hl7.org/fhir}base64Binary",
                                       "type" : "NamedTypeSpecifier"
                                    }, {
                                       "name" : "{http://hl7.org/fhir}boolean",
                                       "type" : "NamedTypeSpecifier"
                                    }, {
                                       "name" : "{http://hl7.org/fhir}canonical",
                                       "type" : "NamedTypeSpecifier"
                                    }, {
                                       "name" : "{http://hl7.org/fhir}code",
                                       "type" : "NamedTypeSpecifier"
                                    }, {
                                       "name" : "{http://hl7.org/fhir}date",
                                       "type" : "NamedTypeSpecifier"
                                    }, {
                                       "name" : "{http://hl7.org/fhir}dateTime",
                                       "type" : "NamedTypeSpecifier"
                                    }, {
                                       "name" : "{http://hl7.org/fhir}decimal",
                                       "type" : "NamedTypeSpecifier"
                                    }, {
                                       "name" : "{http://hl7.org/fhir}id",
                                       "type" : "NamedTypeSpecifier"
                                    }, {
                                       "name" : "{http://hl7.org/fhir}instant",
                                       "type" : "NamedTypeSpecifier"
                                    }, {
                                       "name" : "{http://hl7.org/fhir}integer",
                                       "type" : "NamedTypeSpecifier"
                                    }, {
                                       "name" : "{http://hl7.org/fhir}markdown",
                                       "type" : "NamedTypeSpecifier"
                                    }, {
                                       "name" : "{http://hl7.org/fhir}oid",
                                       "type" : "NamedTypeSpecifier"
                                    }, {
                                       "name" : "{http://hl7.org/fhir}positiveInt",
                                       "type" : "NamedTypeSpecifier"
                                    }, {
                                       "name" : "{http://hl7.org/fhir}string",
                                       "type" : "NamedTypeSpecifier"
                                    }, {
                                       "name" : "{http://hl7.org/fhir}time",
                                       "type" : "NamedTypeSpecifier"
                                    }, {
                                       "name" : "{http://hl7.org/fhir}unsignedInt",
                                       "type" : "NamedTypeSpecifier"
                                    }, {
                                       "name" : "{http://hl7.org/fhir}uri",
                                       "type" : "NamedTypeSpecifier"
                                    }, {
                                       "name" : "{http://hl7.org/fhir}url",
                                       "type" : "NamedTypeSpecifier"
                                    }, {
                                       "name" : "{http://hl7.org/fhir}uuid",
                                       "type" : "NamedTypeSpecifier"
                                    }, {
                                       "name" : "{http://hl7.org/fhir}Address",
                                       "type" : "NamedTypeSpecifier"
                                    }, {
                                       "name" : "{http://hl7.org/fhir}Age",
                                       "type" : "NamedTypeSpecifier"
                                    }, {
                                       "name" : "{http://hl7.org/fhir}Annotation",
                                       "type" : "NamedTypeSpecifier"
                                    }, {
                                       "name" : "{http://hl7.org/fhir}Attachment",
                                       "type" : "NamedTypeSpecifier"
                                    }, {
                                       "name" : "{http://hl7.org/fhir}CodeableConcept",
                                       "type" : "NamedTypeSpecifier"
                                    }, {
                                       "name" : "{http://hl7.org/fhir}Coding",
                                       "type" : "NamedTypeSpecifier"
                                    }, {
                                       "name" : "{http://hl7.org/fhir}ContactPoint",
                                       "type" : "NamedTypeSpecifier"
                                    }, {
                                       "name" : "{http://hl7.org/fhir}Count",
                                       "type" : "NamedTypeSpecifier"
                                    }, {
                                       "name" : "{http://hl7.org/fhir}Distance",
                                       "type" : "NamedTypeSpecifier"
                                    }, {
                                       "name" : "{http://hl7.org/fhir}Duration",
                                       "type" : "NamedTypeSpecifier"
                                    }, {
                                       "name" : "{http://hl7.org/fhir}HumanName",
                                       "type" : "NamedTypeSpecifier"
                                    }, {
                                       "name" : "{http://hl7.org/fhir}Identifier",
                                       "type" : "NamedTypeSpecifier"
                                    }, {
                                       "name" : "{http://hl7.org/fhir}Money",
                                       "type" : "NamedTypeSpecifier"
                                    }, {
                                       "name" : "{http://hl7.org/fhir}Period",
                                       "type" : "NamedTypeSpecifier"
                                    }, {
                                       "name" : "{http://hl7.org/fhir}Quantity",
                                       "type" : "NamedTypeSpecifier"
                                    }, {
                                       "name" : "{http://hl7.org/fhir}Range",
                                       "type" : "NamedTypeSpecifier"
                                    }, {
                                       "name" : "{http://hl7.org/fhir}Ratio",
                                       "type" : "NamedTypeSpecifier"
                                    }, {
                                       "name" : "{http://hl7.org/fhir}Reference",
                                       "type" : "NamedTypeSpecifier"
                                    }, {
                                       "name" : "{http://hl7.org/fhir}SampledData",
                                       "type" : "NamedTypeSpecifier"
                                    }, {
                                       "name" : "{http://hl7.org/fhir}Signature",
                                       "type" : "NamedTypeSpecifier"
                                    }, {
                                       "name" : "{http://hl7.org/fhir}Timing",
                                       "type" : "NamedTypeSpecifier"
                                    }, {
                                       "name" : "{http://hl7.org/fhir}ContactDetail",
                                       "type" : "NamedTypeSpecifier"
                                    }, {
                                       "name" : "{http://hl7.org/fhir}Contributor",
                                       "type" : "NamedTypeSpecifier"
                                    }, {
                                       "name" : "{http://hl7.org/fhir}DataRequirement",
                                       "type" : "NamedTypeSpecifier"
                                    }, {
                                       "name" : "{http://hl7.org/fhir}Expression",
                                       "type" : "NamedTypeSpecifier"
                                    }, {
                                       "name" : "{http://hl7.org/fhir}ParameterDefinition",
                                       "type" : "NamedTypeSpecifier"
                                    }, {
                                       "name" : "{http://hl7.org/fhir}RelatedArtifact",
                                       "type" : "NamedTypeSpecifier"
                                    }, {
                                       "name" : "{http://hl7.org/fhir}TriggerDefinition",
                                       "type" : "NamedTypeSpecifier"
                                    }, {
                                       "name" : "{http://hl7.org/fhir}UsageContext",
                                       "type" : "NamedTypeSpecifier"
                                    }, {
                                       "name" : "{http://hl7.org/fhir}Dosage",
                                       "type" : "NamedTypeSpecifier"
                                    }, {
                                       "name" : "{http://hl7.org/fhir}Meta",
                                       "type" : "NamedTypeSpecifier"
                                    } ]
                                 }
                              }
                           } ]
                        }, {
                           "localId" : "32",
                           "locator" : "36:9-39:9",
                           "classType" : "{http://hl7.org/fhir}Extension",
                           "type" : "Instance",
                           "element" : [ {
                              "name" : "url",
                              "value" : {
                                 "localId" : "29",
                                 "locator" : "37:16-37:98",
                                 "classType" : "{http://hl7.org/fhir}url",
                                 "type" : "Instance",
                                 "element" : [ {
                                    "name" : "value",
                                    "value" : {
                                       "localId" : "28",
                                       "locator" : "37:29-37:96",
                                       "valueType" : "{urn:hl7-org:elm-types:r1}String",
                                       "value" : "http://hl7.org/fhir/uv/cpg/StructureDefinition/cpg-caseFeatureType",
                                       "type" : "Literal"
                                    }
                                 } ]
                              }
                           }, {
                              "name" : "value",
                              "value" : {
                                 "type" : "As",
                                 "operand" : {
                                    "localId" : "31",
                                    "locator" : "38:18-38:43",
                                    "classType" : "{http://hl7.org/fhir}code",
                                    "type" : "Instance",
                                    "element" : [ {
                                       "name" : "value",
                                       "value" : {
                                          "localId" : "30",
                                          "locator" : "38:32-38:41",
                                          "valueType" : "{urn:hl7-org:elm-types:r1}String",
                                          "value" : "inferred",
                                          "type" : "Literal"
                                       }
                                    } ]
                                 },
                                 "asTypeSpecifier" : {
                                    "type" : "ChoiceTypeSpecifier",
                                    "choice" : [ {
                                       "name" : "{http://hl7.org/fhir}base64Binary",
                                       "type" : "NamedTypeSpecifier"
                                    }, {
                                       "name" : "{http://hl7.org/fhir}boolean",
                                       "type" : "NamedTypeSpecifier"
                                    }, {
                                       "name" : "{http://hl7.org/fhir}canonical",
                                       "type" : "NamedTypeSpecifier"
                                    }, {
                                       "name" : "{http://hl7.org/fhir}code",
                                       "type" : "NamedTypeSpecifier"
                                    }, {
                                       "name" : "{http://hl7.org/fhir}date",
                                       "type" : "NamedTypeSpecifier"
                                    }, {
                                       "name" : "{http://hl7.org/fhir}dateTime",
                                       "type" : "NamedTypeSpecifier"
                                    }, {
                                       "name" : "{http://hl7.org/fhir}decimal",
                                       "type" : "NamedTypeSpecifier"
                                    }, {
                                       "name" : "{http://hl7.org/fhir}id",
                                       "type" : "NamedTypeSpecifier"
                                    }, {
                                       "name" : "{http://hl7.org/fhir}instant",
                                       "type" : "NamedTypeSpecifier"
                                    }, {
                                       "name" : "{http://hl7.org/fhir}integer",
                                       "type" : "NamedTypeSpecifier"
                                    }, {
                                       "name" : "{http://hl7.org/fhir}markdown",
                                       "type" : "NamedTypeSpecifier"
                                    }, {
                                       "name" : "{http://hl7.org/fhir}oid",
                                       "type" : "NamedTypeSpecifier"
                                    }, {
                                       "name" : "{http://hl7.org/fhir}positiveInt",
                                       "type" : "NamedTypeSpecifier"
                                    }, {
                                       "name" : "{http://hl7.org/fhir}string",
                                       "type" : "NamedTypeSpecifier"
                                    }, {
                                       "name" : "{http://hl7.org/fhir}time",
                                       "type" : "NamedTypeSpecifier"
                                    }, {
                                       "name" : "{http://hl7.org/fhir}unsignedInt",
                                       "type" : "NamedTypeSpecifier"
                                    }, {
                                       "name" : "{http://hl7.org/fhir}uri",
                                       "type" : "NamedTypeSpecifier"
                                    }, {
                                       "name" : "{http://hl7.org/fhir}url",
                                       "type" : "NamedTypeSpecifier"
                                    }, {
                                       "name" : "{http://hl7.org/fhir}uuid",
                                       "type" : "NamedTypeSpecifier"
                                    }, {
                                       "name" : "{http://hl7.org/fhir}Address",
                                       "type" : "NamedTypeSpecifier"
                                    }, {
                                       "name" : "{http://hl7.org/fhir}Age",
                                       "type" : "NamedTypeSpecifier"
                                    }, {
                                       "name" : "{http://hl7.org/fhir}Annotation",
                                       "type" : "NamedTypeSpecifier"
                                    }, {
                                       "name" : "{http://hl7.org/fhir}Attachment",
                                       "type" : "NamedTypeSpecifier"
                                    }, {
                                       "name" : "{http://hl7.org/fhir}CodeableConcept",
                                       "type" : "NamedTypeSpecifier"
                                    }, {
                                       "name" : "{http://hl7.org/fhir}Coding",
                                       "type" : "NamedTypeSpecifier"
                                    }, {
                                       "name" : "{http://hl7.org/fhir}ContactPoint",
                                       "type" : "NamedTypeSpecifier"
                                    }, {
                                       "name" : "{http://hl7.org/fhir}Count",
                                       "type" : "NamedTypeSpecifier"
                                    }, {
                                       "name" : "{http://hl7.org/fhir}Distance",
                                       "type" : "NamedTypeSpecifier"
                                    }, {
                                       "name" : "{http://hl7.org/fhir}Duration",
                                       "type" : "NamedTypeSpecifier"
                                    }, {
                                       "name" : "{http://hl7.org/fhir}HumanName",
                                       "type" : "NamedTypeSpecifier"
                                    }, {
                                       "name" : "{http://hl7.org/fhir}Identifier",
                                       "type" : "NamedTypeSpecifier"
                                    }, {
                                       "name" : "{http://hl7.org/fhir}Money",
                                       "type" : "NamedTypeSpecifier"
                                    }, {
                                       "name" : "{http://hl7.org/fhir}Period",
                                       "type" : "NamedTypeSpecifier"
                                    }, {
                                       "name" : "{http://hl7.org/fhir}Quantity",
                                       "type" : "NamedTypeSpecifier"
                                    }, {
                                       "name" : "{http://hl7.org/fhir}Range",
                                       "type" : "NamedTypeSpecifier"
                                    }, {
                                       "name" : "{http://hl7.org/fhir}Ratio",
                                       "type" : "NamedTypeSpecifier"
                                    }, {
                                       "name" : "{http://hl7.org/fhir}Reference",
                                       "type" : "NamedTypeSpecifier"
                                    }, {
                                       "name" : "{http://hl7.org/fhir}SampledData",
                                       "type" : "NamedTypeSpecifier"
                                    }, {
                                       "name" : "{http://hl7.org/fhir}Signature",
                                       "type" : "NamedTypeSpecifier"
                                    }, {
                                       "name" : "{http://hl7.org/fhir}Timing",
                                       "type" : "NamedTypeSpecifier"
                                    }, {
                                       "name" : "{http://hl7.org/fhir}ContactDetail",
                                       "type" : "NamedTypeSpecifier"
                                    }, {
                                       "name" : "{http://hl7.org/fhir}Contributor",
                                       "type" : "NamedTypeSpecifier"
                                    }, {
                                       "name" : "{http://hl7.org/fhir}DataRequirement",
                                       "type" : "NamedTypeSpecifier"
                                    }, {
                                       "name" : "{http://hl7.org/fhir}Expression",
                                       "type" : "NamedTypeSpecifier"
                                    }, {
                                       "name" : "{http://hl7.org/fhir}ParameterDefinition",
                                       "type" : "NamedTypeSpecifier"
                                    }, {
                                       "name" : "{http://hl7.org/fhir}RelatedArtifact",
                                       "type" : "NamedTypeSpecifier"
                                    }, {
                                       "name" : "{http://hl7.org/fhir}TriggerDefinition",
                                       "type" : "NamedTypeSpecifier"
                                    }, {
                                       "name" : "{http://hl7.org/fhir}UsageContext",
                                       "type" : "NamedTypeSpecifier"
                                    }, {
                                       "name" : "{http://hl7.org/fhir}Dosage",
                                       "type" : "NamedTypeSpecifier"
                                    }, {
                                       "name" : "{http://hl7.org/fhir}Meta",
                                       "type" : "NamedTypeSpecifier"
                                    } ]
                                 }
                              }
                           } ]
                        } ]
                     }
                  }, {
                     "name" : "status",
                     "value" : {
                        "localId" : "35",
                        "locator" : "41:15-41:50",
                        "classType" : "{http://hl7.org/fhir}ObservationStatus",
                        "type" : "Instance",
                        "element" : [ {
                           "name" : "value",
                           "value" : {
                              "localId" : "34",
                              "locator" : "41:42-41:48",
                              "valueType" : "{urn:hl7-org:elm-types:r1}String",
                              "value" : "final",
                              "type" : "Literal"
                           }
                        } ]
                     }
                  }, {
                     "name" : "effective",
                     "value" : {
                        "type" : "As",
                        "operand" : {
                           "localId" : "37",
                           "locator" : "42:18-42:42",
                           "classType" : "{http://hl7.org/fhir}dateTime",
                           "type" : "Instance",
                           "element" : [ {
                              "name" : "value",
                              "value" : {
                                 "localId" : "36",
                                 "locator" : "42:36-42:40",
                                 "type" : "Now"
                              }
                           } ]
                        },
                        "asTypeSpecifier" : {
                           "type" : "ChoiceTypeSpecifier",
                           "choice" : [ {
                              "name" : "{http://hl7.org/fhir}dateTime",
                              "type" : "NamedTypeSpecifier"
                           }, {
                              "name" : "{http://hl7.org/fhir}Period",
                              "type" : "NamedTypeSpecifier"
                           }, {
                              "name" : "{http://hl7.org/fhir}Timing",
                              "type" : "NamedTypeSpecifier"
                           }, {
                              "name" : "{http://hl7.org/fhir}instant",
                              "type" : "NamedTypeSpecifier"
                           } ]
                        }
                     }
                  }, {
                     "name" : "code",
                     "value" : {
                        "localId" : "44",
                        "locator" : "43:13-50:7",
                        "classType" : "{http://hl7.org/fhir}CodeableConcept",
                        "type" : "Instance",
                        "element" : [ {
                           "name" : "coding",
                           "value" : {
                              "localId" : "43",
                              "locator" : "44:17-49:9",
                              "type" : "List",
                              "element" : [ {
                                 "localId" : "42",
                                 "locator" : "45:11-48:11",
                                 "classType" : "{http://hl7.org/fhir}Coding",
                                 "type" : "Instance",
                                 "element" : [ {
                                    "name" : "system",
                                    "value" : {
                                       "localId" : "39",
                                       "locator" : "46:21-46:83",
                                       "classType" : "{http://hl7.org/fhir}uri",
                                       "type" : "Instance",
                                       "element" : [ {
                                          "name" : "value",
                                          "value" : {
                                             "localId" : "38",
                                             "locator" : "46:34-46:81",
                                             "valueType" : "{urn:hl7-org:elm-types:r1}String",
                                             "value" : "http://example.org/CodeSystem/CaseFeatureCodes",
                                             "type" : "Literal"
                                          }
                                       } ]
                                    }
                                 }, {
                                    "name" : "code",
                                    "value" : {
                                       "localId" : "41",
                                       "locator" : "47:19-47:63",
                                       "classType" : "{http://hl7.org/fhir}code",
                                       "type" : "Instance",
                                       "element" : [ {
                                          "name" : "value",
                                          "value" : {
                                             "localId" : "40",
                                             "locator" : "47:33-47:61",
                                             "valueType" : "{urn:hl7-org:elm-types:r1}String",
                                             "value" : "on-medication-sulfasalazine",
                                             "type" : "Literal"
                                          }
                                       } ]
                                    }
                                 } ]
                              } ]
                           }
                        } ]
                     }
                  }, {
                     "name" : "value",
                     "value" : {
                        "type" : "As",
                        "operand" : {
                           "localId" : "46",
                           "locator" : "51:14-51:36",
                           "classType" : "{http://hl7.org/fhir}boolean",
                           "type" : "Instance",
                           "element" : [ {
                              "name" : "value",
                              "value" : {
                                 "localId" : "45",
                                 "locator" : "51:31-51:34",
                                 "valueType" : "{urn:hl7-org:elm-types:r1}Boolean",
                                 "value" : "true",
                                 "type" : "Literal"
                              }
                           } ]
                        },
                        "asTypeSpecifier" : {
                           "type" : "ChoiceTypeSpecifier",
                           "choice" : [ {
                              "name" : "{http://hl7.org/fhir}Quantity",
                              "type" : "NamedTypeSpecifier"
                           }, {
                              "name" : "{http://hl7.org/fhir}CodeableConcept",
                              "type" : "NamedTypeSpecifier"
                           }, {
                              "name" : "{http://hl7.org/fhir}string",
                              "type" : "NamedTypeSpecifier"
                           }, {
                              "name" : "{http://hl7.org/fhir}boolean",
                              "type" : "NamedTypeSpecifier"
                           }, {
                              "name" : "{http://hl7.org/fhir}integer",
                              "type" : "NamedTypeSpecifier"
                           }, {
                              "name" : "{http://hl7.org/fhir}Range",
                              "type" : "NamedTypeSpecifier"
                           }, {
                              "name" : "{http://hl7.org/fhir}Ratio",
                              "type" : "NamedTypeSpecifier"
                           }, {
                              "name" : "{http://hl7.org/fhir}SampledData",
                              "type" : "NamedTypeSpecifier"
                           }, {
                              "name" : "{http://hl7.org/fhir}time",
                              "type" : "NamedTypeSpecifier"
                           }, {
                              "name" : "{http://hl7.org/fhir}dateTime",
                              "type" : "NamedTypeSpecifier"
                           }, {
                              "name" : "{http://hl7.org/fhir}Period",
                              "type" : "NamedTypeSpecifier"
                           } ]
                        }
                     }
                  } ]
               },
               "else" : {
                  "asType" : "{http://hl7.org/fhir}Observation",
                  "type" : "As",
                  "operand" : {
                     "localId" : "48",
                     "locator" : "53:8-53:11",
                     "type" : "Null"
                  }
               }
            }
         }, {
            "localId" : "54",
            "locator" : "59:1-60:62",
            "name" : "On Sulfasalazine Asserted",
            "context" : "Patient",
            "accessLevel" : "Public",
            "annotation" : [ {
               "type" : "Annotation",
               "s" : {
                  "r" : "54",
                  "s" : [ {
                     "value" : [ "/**\n * @description\n * Assertion is if there is a case feature directly documented\n */\n","define ","\"On Sulfasalazine Asserted\"",":\n  " ]
                  }, {
                     "r" : "53",
                     "s" : [ {
                        "r" : "51",
                        "s" : [ {
                           "value" : [ "Common" ]
                        } ]
                     }, {
                        "value" : [ "." ]
                     }, {
                        "r" : "53",
                        "s" : [ {
                           "value" : [ "MostRecent","(" ]
                        }, {
                           "r" : "52",
                           "s" : [ {
                              "value" : [ "[","Observation",": " ]
                           }, {
                              "s" : [ {
                                 "value" : [ "\"On Sulfasalazine Feature\"" ]
                              } ]
                           }, {
                              "value" : [ "]" ]
                           } ]
                        }, {
                           "value" : [ ")" ]
                        } ]
                     } ]
                  } ]
               }
            } ],
            "expression" : {
               "localId" : "53",
               "locator" : "60:3-60:62",
               "name" : "MostRecent",
               "libraryName" : "Common",
               "type" : "FunctionRef",
               "operand" : [ {
                  "localId" : "52",
                  "locator" : "60:21-60:61",
                  "dataType" : "{http://hl7.org/fhir}Observation",
                  "templateId" : "http://hl7.org/fhir/StructureDefinition/Observation",
                  "codeProperty" : "code",
                  "codeComparator" : "~",
                  "type" : "Retrieve",
                  "codes" : {
                     "type" : "ToList",
                     "operand" : {
                        "locator" : "60:35-60:60",
                        "name" : "On Sulfasalazine Feature",
                        "type" : "CodeRef"
                     }
                  }
               } ]
            }
         }, {
            "localId" : "58",
            "locator" : "66:1-70:3",
            "name" : "On Sulfasalazine",
            "context" : "Patient",
            "accessLevel" : "Public",
            "annotation" : [ {
               "type" : "Annotation",
               "s" : {
                  "r" : "58",
                  "s" : [ {
                     "value" : [ "/**\n * @description\n * Feature is asserted followed by inferred\n */\n","define ","\"On Sulfasalazine\"",":\n  " ]
                  }, {
                     "r" : "57",
                     "s" : [ {
                        "value" : [ "Coalesce","(\n    " ]
                     }, {
                        "r" : "55",
                        "s" : [ {
                           "value" : [ "\"On Sulfasalazine Asserted\"" ]
                        } ]
                     }, {
                        "value" : [ ",\n    " ]
                     }, {
                        "r" : "56",
                        "s" : [ {
                           "value" : [ "\"On Sulfasalazine Inferred\"" ]
                        } ]
                     }, {
                        "value" : [ "\n  )" ]
                     } ]
                  } ]
               }
            } ],
            "expression" : {
               "localId" : "57",
               "locator" : "67:3-70:3",
               "type" : "Coalesce",
               "operand" : [ {
                  "localId" : "55",
                  "locator" : "68:5-68:31",
                  "name" : "On Sulfasalazine Asserted",
                  "type" : "ExpressionRef"
               }, {
                  "localId" : "56",
                  "locator" : "69:5-69:31",
                  "name" : "On Sulfasalazine Inferred",
                  "type" : "ExpressionRef"
               } ]
            }
         } ]
      }
   }
}