{
   "library" : {
      "annotation" : [ {
         "translatorOptions" : "EnableAnnotations,EnableLocators",
         "signatureLevel" : "None",
         "type" : "CqlToElmInfo"
      }, {
         "type" : "Annotation",
         "s" : {
            "r" : "12",
            "s" : [ {
               "value" : [ "","library Common version '0.1.0'" ]
            } ]
         }
      } ],
      "identifier" : {
         "id" : "Common",
         "system" : "http://example.org",
         "version" : "0.1.0"
      },
      "schemaIdentifier" : {
         "id" : "urn:hl7-org:elm",
         "version" : "r1"
      },
      "usings" : {
         "def" : [ {
            "localIdentifier" : "System",
            "uri" : "urn:hl7-org:elm-types:r1"
         }, {
            "localId" : "1",
            "locator" : "3:1-3:26",
            "localIdentifier" : "FHIR",
            "uri" : "http://hl7.org/fhir",
            "version" : "4.0.1",
            "annotation" : [ {
               "type" : "Annotation",
               "s" : {
                  "r" : "1",
                  "s" : [ {
                     "value" : [ "","using " ]
                  }, {
                     "s" : [ {
                        "value" : [ "FHIR" ]
                     } ]
                  }, {
                     "value" : [ " version '4.0.1'" ]
                  } ]
               }
            } ]
         } ]
      },
      "contexts" : {
         "def" : [ {
            "locator" : "5:1-5:15",
            "name" : "Patient"
         } ]
      },
      "statements" : {
         "def" : [ {
            "locator" : "5:1-5:15",
            "name" : "Patient",
            "context" : "Patient",
            "expression" : {
               "type" : "SingletonFrom",
               "operand" : {
                  "locator" : "5:1-5:15",
                  "dataType" : "{http://hl7.org/fhir}Patient",
                  "templateId" : "http://hl7.org/fhir/StructureDefinition/Patient",
                  "type" : "Retrieve"
               }
            }
         }, {
            "localId" : "12",
            "locator" : "7:1-11:3",
            "name" : "MostRecent",
            "context" : "Patient",
            "accessLevel" : "Public",
            "type" : "FunctionDef",
            "annotation" : [ {
               "type" : "Annotation",
               "s" : {
                  "r" : "12",
                  "s" : [ {
                     "value" : [ "","define function MostRecent(observationList List<FHIR.Observation>):\n  " ]
                  }, {
                     "r" : "11",
                     "s" : [ {
                        "r" : "11",
                        "s" : [ {
                           "value" : [ "First","(\n    " ]
                        }, {
                           "r" : "10",
                           "s" : [ {
                              "s" : [ {
                                 "r" : "5",
                                 "s" : [ {
                                    "r" : "4",
                                    "s" : [ {
                                       "s" : [ {
                                          "value" : [ "observationList" ]
                                       } ]
                                    } ]
                                 }, {
                                    "value" : [ " ","Observation" ]
                                 } ]
                              } ]
                           }, {
                              "value" : [ "\n    " ]
                           }, {
                              "r" : "9",
                              "s" : [ {
                                 "value" : [ "sort by " ]
                              }, {
                                 "r" : "8",
                                 "s" : [ {
                                    "r" : "7",
                                    "s" : [ {
                                       "r" : "6",
                                       "s" : [ {
                                          "value" : [ "effective" ]
                                       } ]
                                    }, {
                                       "value" : [ "." ]
                                    }, {
                                       "r" : "7",
                                       "s" : [ {
                                          "value" : [ "value" ]
                                       } ]
                                    } ]
                                 }, {
                                    "value" : [ " descending" ]
                                 } ]
                              } ]
                           } ]
                        }, {
                           "value" : [ "\n  )" ]
                        } ]
                     } ]
                  } ]
               }
            } ],
            "expression" : {
               "localId" : "11",
               "locator" : "8:3-11:3",
               "type" : "First",
               "source" : {
                  "localId" : "10",
                  "locator" : "9:5-10:38",
                  "type" : "Query",
                  "source" : [ {
                     "localId" : "5",
                     "locator" : "9:5-9:31",
                     "alias" : "Observation",
                     "expression" : {
                        "localId" : "4",
                        "locator" : "9:5-9:19",
                        "name" : "observationList",
                        "type" : "OperandRef"
                     }
                  } ],
                  "relationship" : [ ],
                  "sort" : {
                     "localId" : "9",
                     "locator" : "10:5-10:38",
                     "by" : [ {
                        "localId" : "8",
                        "locator" : "10:13-10:38",
                        "direction" : "descending",
                        "type" : "ByExpression",
                        "expression" : {
                           "localId" : "7",
                           "locator" : "10:13-10:27",
                           "path" : "value",
                           "type" : "Property",
                           "source" : {
                              "localId" : "6",
                              "locator" : "10:13-10:21",
                              "name" : "effective",
                              "type" : "IdentifierRef"
                           }
                        }
                     } ]
                  }
               }
            },
            "operand" : [ {
               "name" : "observationList",
               "operandTypeSpecifier" : {
                  "localId" : "3",
                  "locator" : "7:44-7:65",
                  "type" : "ListTypeSpecifier",
                  "elementType" : {
                     "localId" : "2",
                     "locator" : "7:49-7:64",
                     "name" : "{http://hl7.org/fhir}Observation",
                     "type" : "NamedTypeSpecifier"
                  }
               }
            } ]
         } ]
      }
   }
}