{
  "resourceType" : "Parameters",
  "id" : "QuestionnaireParameters1",
  "parameter" : [{
    "name" : "url",
    "valueUri" : "http://example.org/PlanDefinition/SulfasalazineMonitoringRecommendation"
  },
  {
    "name" : "version",
    "valueString" : "0.1.0"
  },
  {
    "name" : "data",
    "resource" : {
      "resourceType" : "Bundle",
      "id" : "InitialBundle",
      "meta" : {
        "tag" : [{
          "code" : "test"
        }]
      },
      "type" : "collection",
      "entry" : [{
        "fullUrl" : "http://example.org/Patient/Patient1",
        "resource" : {
          "resourceType" : "Patient",
          "id" : "Patient1",
          "name" : [{
            "family" : "Patient1"
          }]
        }
      },
      {
        "fullUrl" : "http://example.org/Practitioner/PractitionerShared",
        "resource" : {
          "resourceType" : "Practitioner",
          "id" : "PractitionerShared",
          "name" : [{
            "family" : "practitionershared"
          }]
        }
      },
      {
        "fullUrl" : "http://example.org/Organization/OrganizationShared",
        "resource" : {
          "resourceType" : "Organization",
          "id" : "OrganizationShared",
          "name" : "organizationshared"
        }
      },
      {
        "fullUrl" : "http://example.org/Encounter/Encounter1",
        "resource" : {
          "resourceType" : "Encounter",
          "id" : "Encounter1",
          "status" : "in-progress",
          "class" : {
            "system" : "http://terminology.hl7.org/CodeSystem/v3-ActCode",
            "code" : "AMB",
            "display" : "ambulatory"
          },
          "subject" : {
            "reference" : "Patient/Patient1"
          },
          "participant" : [{
            "type" : [{
              "coding" : [{
                "system" : "http://terminology.hl7.org/CodeSystem/v3-ParticipationType",
                "code" : "PPRF",
                "display" : "primary performer"
              }]
            }],
            "individual" : {
              "reference" : "Practitioner/PractitionerShared"
            }
          }],
          "serviceProvider" : {
            "reference" : "Organization/OrganizationShared"
          }
        }
      },
      {
        "fullUrl" : "http://example.org/MedicationRequest/MedicationRequest1",
        "resource" : {
          "resourceType" : "MedicationRequest",
          "id" : "MedicationRequest1",
          "status" : "active",
          "intent" : "order",
          "medicationCodeableConcept" : {
            "coding" : [{
              "system" : "http://www.whocc.no/atc",
              "code" : "A07EC01",
              "display" : "Sulfasalazine"
            }]
          },
          "subject" : {
            "reference" : "Patient/Patient1"
          }
        }
      }]
    }
  }]
}