{
  "resourceType" : "Parameters",
  "id" : "AssembleParameters1",
  "parameter" : [{
    "name" : "questionnaire",
    "resource" : {
      "resourceType" : "Questionnaire",
      "id" : "ModularQuestionnaire1",
      "meta" : {
        "profile" : ["http://hl7.org/fhir/uv/sdc/StructureDefinition/sdc-questionnaire-modular"]
      },
      "extension" : [{
        "url" : "http://hl7.org/fhir/uv/sdc/StructureDefinition/sdc-questionnaire-assemble-expectation",
        "valueCode" : "assemble-root"
      }],
      "url" : "http://questionnaire-processor/Questionnaire/ModularQuestionnaire1",
      "status" : "draft",
      "item" : [{
        "extension" : [{
          "url" : "http://hl7.org/fhir/uv/sdc/StructureDefinition/sdc-questionnaire-subQuestionnaire",
          "valueCanonical" : "http://questionnaire-processor/Questionnaire/ActiveSulfasalazineFeatureQuestionnaire1"
        }],
        "linkId" : "ActiveSulfasalazineFeature#Observation",
        "definition" : "http://example.org/StructureDefinition/ActiveSulfasalazineFeature#Observation",
        "text" : "ActiveSulfasalazineFeature sub-questionnaire",
        "type" : "display"
      },
      {
        "extension" : [{
          "url" : "http://hl7.org/fhir/uv/sdc/StructureDefinition/sdc-questionnaire-subQuestionnaire",
          "valueCanonical" : "http://questionnaire-processor/Questionnaire/LastCbcPanelReportDateFeatureQuestionnaire1"
        }],
        "linkId" : "LastCbcPanelReportDateFeature#Observation",
        "definition" : "http://example.org/StructureDefinition/LastCbcPanelReportDateFeature#Observation",
        "text" : "LastCbcPanelReportDateFeature sub-questionnaire",
        "type" : "display"
      }]
    }
  }]
}