<?xml version="1.0" encoding="UTF-8"?>

<Parameters xmlns="http://hl7.org/fhir">
  <id value="ApplyParameters1"/>
  <parameter>
    <name value="url"/>
    <valueString value="http://example.org/PlanDefinition/SulfasalazineMonitoringRecommendation"/>
  </parameter>
  <parameter>
    <name value="data"/>
    <resource>
      <Bundle>
        <id value="BundleCase1Modified"/>
        <meta>
          <tag>
            <code value="test"/>
          </tag>
        </meta>
        <type value="collection"/>
        <entry>
          <fullUrl value="http://example.org/Patient/Patient1"/>
          <resource>
            <Patient>
              <id value="Patient1"/>
              <name>
                <family value="Patient1"/>
              </name>
            </Patient>
          </resource>
        </entry>
        <entry>
          <fullUrl value="http://example.org/Practitioner/PractitionerShared"/>
          <resource>
            <Practitioner>
              <id value="PractitionerShared"/>
              <name>
                <family value="practitionershared"/>
              </name>
            </Practitioner>
          </resource>
        </entry>
        <entry>
          <fullUrl value="http://example.org/Organization/OrganizationShared"/>
          <resource>
            <Organization>
              <id value="OrganizationShared"/>
              <name value="organizationshared"/>
            </Organization>
          </resource>
        </entry>
        <entry>
          <fullUrl value="http://example.org/Encounter/Encounter1"/>
          <resource>
            <Encounter>
              <id value="Encounter1"/>
              <status value="in-progress"/>
              <class>
                <system value="http://terminology.hl7.org/CodeSystem/v3-ActCode"/>
                <code value="AMB"/>
                <display value="ambulatory"/>
              </class>
              <subject>
                <reference value="Patient/Patient1"/>
              </subject>
              <participant>
                <type>
                  <coding>
                    <system value="http://terminology.hl7.org/CodeSystem/v3-ParticipationType"/>
                    <code value="PPRF"/>
                    <display value="primary performer"/>
                  </coding>
                </type>
                <individual>
                  <reference value="Practitioner/PractitionerShared"/>
                </individual>
              </participant>
              <serviceProvider>
                <reference value="Organization/OrganizationShared"/>
              </serviceProvider>
            </Encounter>
          </resource>
        </entry>
        <entry>
          <fullUrl value="http://example.org/MedicationRequest/MedicationRequest1"/>
          <resource>
            <MedicationRequest>
              <id value="MedicationRequest1"/>
              <status value="active"/>
              <intent value="order"/>
              <medicationCodeableConcept>
                <coding>
                  <system value="http://www.whocc.no/atc"/>
                  <code value="A07EC01"/>
                  <display value="Sulfasalazine"/>
                </coding>
              </medicationCodeableConcept>
              <subject>
                <reference value="Patient/Patient1"/>
              </subject>
            </MedicationRequest>
          </resource>
        </entry>
        <entry>
          <fullUrl value="http://example.org/Observation/ActiveSulfasalazineFeatureObservation"/>
          <resource>
            <Observation>
              <id value="ActiveSulfasalazineFeatureObservation"/>
              <meta>
                <profile value="http://example.org/StructureDefinition/ActiveSulfasalazineFeature"/>
              </meta>
              <status value="final"/>
              <code>
                <coding>
                  <system value="http://example.org/CodeSystem/CaseFeatureCodes"/>
                  <code value="on-medication-sulfasalazine"/>
                </coding>
              </code>
              <subject>
                <reference value="Patient/Patient1"/>
              </subject>
              <effectiveDateTime value="2023-12-13"/>
              <performer>
                <reference value="Organization/OrganizationShared"/>
              </performer>
              <valueBoolean value="true"/>
              <derivedFrom>
                <reference value="Questionnaire/QuestionnaireResponse1"/>
              </derivedFrom>
            </Observation>
          </resource>
        </entry>
      </Bundle>
    </resource>
  </parameter>
  <parameter>
    <name value="subject"/>
    <valueString value="Patient/Patient1"/>
  </parameter>
</Parameters>