{
  "codeSystems" : [
    {
      "url" : "http://cts.nlm.nih.gov/fhir/ValueSet/2.16.840.1.113762.1.4.1116.181",
      "version" : "0.1.0",
      "status" : "active",
      "name" : "Methotrexate",
      "title" : null,
      "description" : "This value set contains concepts that represent the medication Methotrexate",
      "systems" : ["http://www.nlm.nih.gov/research/umls/rxnorm"]
    },
    {
      "url" : "http://example.org/ValueSet/sulfasalazine-vs",
      "version" : "0.1.0",
      "status" : "draft",
      "name" : "SulfasalazineVS",
      "title" : null,
      "description" : null,
      "systems" : [
        "http://www.nlm.nih.gov/research/umls/rxnorm",
        "http://www.whocc.no/atc"
      ]
    },
    {
      "url" : "http://hl7.org/fhir/ValueSet/observation-status",
      "version" : "0.1.0",
      "status" : "active",
      "name" : "ObservationStatus",
      "title" : "ObservationStatus",
      "description" : "Codes providing the status of an observation.",
      "systems" : ["http://hl7.org/fhir/observation-status"],
      "oids" : ["2.16.840.1.113883.4.642.3.400"],
      "sources" : ["2.16.840.1.113883.4.642.3.400"]
    }
  ]
}
