{"resourceType":"ActivityDefinition","id":"OrderCBCActivity","meta":{"profile":["http://hl7.org/fhir/uv/cpg/StructureDefinition/cpg-servicerequestactivity"]},"extension":[{"url":"http://hl7.org/fhir/uv/cpg/StructureDefinition/cpg-knowledgeCapability","valueCode":"computable"}],"url":"http://example.org/ActivityDefinition/OrderCBCActivity","version":"0.1.0","name":"OrderCBCActivity","title":"Order CBC Activity","status":"draft","experimental":true,"date":"2024-05-17T14:59:55-04:00","publisher":"Example Publisher","contact":[{"name":"Example Publisher","telecom":[{"system":"url","value":"http://example.org/example-publisher"}]}],"description":"Order hemogram plus platelet count labratory panel","kind":"ServiceRequest","profile":"http://hl7.org/fhir/uv/cpg/StructureDefinition/cpg-servicerequest","intent":"proposal","doNotPerform":false,"productCodeableConcept":{"coding":[{"system":"http://loinc.org","code":"58410-2","display":"CBC panel - Blood by Automated count"}]}}