{"resourceType":"PlanDefinition","id":"SulfasalazineMonitoringRecommendation","meta":{"profile":["http://hl7.org/fhir/uv/cpg/StructureDefinition/cpg-recommendationdefinition"]},"extension":[{"url":"http://hl7.org/fhir/uv/cpg/StructureDefinition/cpg-knowledgeCapability","valueCode":"computable"}],"url":"http://example.org/PlanDefinition/SulfasalazineMonitoringRecommendation","version":"0.1.0","name":"SulfasalazineMonitoringRecommendation","title":"Sulfasalazine Monitoring Recommendation","type":{"coding":[{"system":"http://terminology.hl7.org/CodeSystem/plan-definition-type","code":"eca-rule"}]},"status":"draft","experimental":true,"date":"2024-05-17T14:59:55-04:00","publisher":"Example Publisher","contact":[{"name":"Example Publisher","telecom":[{"system":"url","value":"http://example.org/example-publisher"}]}],"description":"Monitoring tests for antirheumatic drug therapy for Sulfasalazine.","relatedArtifact":[{"type":"citation","citation":"Criswell LA, Saag KG, Sems KM et al. Moderate-term, low-dose corticosteroids for rheumatoid arthritis. Cochrane Database Syst Rev 2000;(2):CD001158 PubMed.","url":"https://pubmed.ncbi.nlm.nih.gov/10796420","document":{"url":"https://pubmed.ncbi.nlm.nih.gov/10796420"}}],"library":["http://example.org/Library/ApplicabilityLogic"],"action":[{"extension":[{"url":"http://hl7.org/fhir/StructureDefinition/cqf-qualityOfEvidence","valueCodeableConcept":{"coding":[{"system":"http://terminology.hl7.org/CodeSystem/evidence-quality","code":"high"}]}},{"url":"http://hl7.org/fhir/StructureDefinition/cqf-strengthOfRecommendation","valueCodeableConcept":{"coding":[{"system":"http://terminology.hl7.org/CodeSystem/recommendation-strength","code":"strong"}]}},{"url":"http://hl7.org/fhir/uv/cpg/StructureDefinition/cpg-directionOfRecommendation","valueCodeableConcept":{"coding":[{"system":"http://hl7.org/fhir/uv/cpg/CodeSystem/cpg-recommendation-direction","code":"for"}]}}],"title":"Order monitoring tests for antirheumatic drug therapy (Sulfasalazine).","description":"Order monitoring tests for antirheumatic drug therapy (Sulfasalazine).","code":[{"coding":[{"system":"http://hl7.org/fhir/uv/cpg/CodeSystem/cpg-common-process","code":"diagnostic-testing"}]}],"condition":[{"kind":"applicability","expression":{"language":"text/cql-identifier","expression":"Should order CBC if on Sulfasalazine therapy and missing test"}}],"input":[{"type":"Observation","profile":["http://example.org/StructureDefinition/ActiveSulfasalazineFeature"]},{"type":"Observation","profile":["http://example.org/StructureDefinition/LastCbcPanelReportDateFeature"]}],"definitionCanonical":"http://example.org/ActivityDefinition/OrderCBCActivity"}]}