{"resourceType":"PlanDefinition","id":"MonitoringTestsForAntirheumaticDrugTherapy","meta":{"profile":["http://hl7.org/fhir/uv/cpg/StructureDefinition/cpg-strategydefinition"]},"extension":[{"url":"http://hl7.org/fhir/uv/cpg/StructureDefinition/cpg-knowledgeCapability","valueCode":"computable"}],"url":"http://example.org/PlanDefinition/MonitoringTestsForAntirheumaticDrugTherapy","version":"0.1.0","name":"MonitoringTestsForAntirheumaticDrugTherapy","title":"Monitoring Tests for Antirheumatic Drug Therapy","type":{"coding":[{"system":"http://terminology.hl7.org/CodeSystem/plan-definition-type","code":"workflow-definition"}]},"status":"draft","experimental":true,"date":"2024-05-17T14:59:55-04:00","publisher":"Example Publisher","contact":[{"name":"Example Publisher","telecom":[{"system":"url","value":"http://example.org/example-publisher"}]}],"description":"* As the individual efficacy and tolerability of drug therapy cannot be predicted, patients should be closely monitored by laboratory tests (see safety monitoring tables 1 and 2) and clinically.\n* Recommendations concerning safety monitoring of antirheumatic medication vary to some extent in different areas. Consult local recommendations.\n\n*Table 1. Monitoring tests for antirheumatic drug therapy.*\nTests should also be performed 2-3 weeks after any increase in drug dose. ESR and CRP should be checked on visits to the doctor and otherwise as needed.\n\n| Drug         | Safety monitoring tests  |\n|  :--- |  :--- |\n| Methotrexate\t                         ||\n| At 3 weeks, 6 weeks, 12 weeks, then every 3-6 months | Basic blood count with platelets + differential count, ALT |\n| Every 6 months  | Creatinine (in case of impaired renal function, dose reduction) |\n| Sulfasalazine                     ||\n| Every 6 months  | Basic blood count with platelets + differential count |\n| Hydroxychloroquine                     ||\n| No laboratory monitoring needed. Checkup by an ophthalmologist after 5 years of use||\n\n### One month after starting treatment\n* Visit to a rheumatology nurse or, if necessary, a physician\n\n### Tree-month visit\n* If remission has not been achieved, medication should be intensified.\n* If methotrexate has been given orally, use of an injectable dosage form should now be started, and if the dose has been below 25 mg, it should be raised to this level now, unless there are contraindications to this.\n* Poor response to treatment, several swollen joints and a high CRP level predict treatment failure. In such cases, a biological agent or a JAK inhibitor should be added to the regimen.\n\n### Six-month visit\n* If remission has been achieved, glucocorticoid medication should be gradually reduced.\n* If the patient still has objective signs of arthritis, a biological agent or JAK inhibitor should be started. The EULAR recommendation for management updated in 2016 prefers biological agents because the available safety data covers a longer period of use.\n\n### After six months\n* The frequency of monitoring depends on disease activity.\n* If remission has been achieved, follow-up visits should be scheduled for one and two years after the beginning of treatment.\n* If, due to disease activity, major changes have had to be made to the medication or a biological agent or JAK inhibitor has had to be started, follow-up should be started from the beginning again, scheduling visits at 3 and 6 months.","useContext":[{"code":{"code":"venue"},"valueCodeableConcept":{"coding":[{"system":"http://terminology.hl7.org/CodeSystem/v3-RoleCode","code":"PC","display":"Primary care clinic"}]}},{"code":{"code":"venue"},"valueCodeableConcept":{"coding":[{"system":"http://terminology.hl7.org/CodeSystem/v3-RoleCode","code":"OF","display":"Outpatient Facility"}]}}],"action":[{"title":"Recommend monitoring tests for RA therapy","description":"Recommend monitoring tests for RA therapy","code":[{"coding":[{"system":"http://hl7.org/fhir/uv/cpg/CodeSystem/cpg-common-process","code":"guideline-based-care"}]}],"trigger":[{"type":"named-event","name":"patient-view"}],"action":[{"title":"Recommend testing due to Methotrexate","description":"Recommend testing due to Methotrexate","code":[{"coding":[{"system":"http://hl7.org/fhir/uv/cpg/CodeSystem/cpg-common-process","code":"guideline-based-care"}]}],"definitionCanonical":"http://example.org/PlanDefinition/MethotrexateMonitoringRecommendation"},{"title":"Recommend testing due to Sulfasalazine","description":"Recommend testing due to Sulfasalazine","code":[{"coding":[{"system":"http://hl7.org/fhir/uv/cpg/CodeSystem/cpg-common-process","code":"guideline-based-care"}]}],"definitionCanonical":"http://example.org/PlanDefinition/SulfasalazineMonitoringRecommendation"}]}]}