{
  "resourceType" : "ValueSet",
  "id" : "observation-status",
  "meta" : {
    "lastUpdated" : "2019-11-01T09:29:23.356+11:00",
    "profile" : ["http://hl7.org/fhir/StructureDefinition/shareablevalueset"]
  },
  "text" : {
    "status" : "generated",
    "div" : "<div xmlns=\"http://www.w3.org/1999/xhtml\"><ul><li>Include all codes defined in <a href=\"http://hl7.org/fhir/R4/codesystem-observation-status.html\"><code>http://hl7.org/fhir/observation-status</code></a></li></ul></div>"
  },
  "extension" : [{
    "url" : "http://hl7.org/fhir/StructureDefinition/structuredefinition-wg",
    "valueCode" : "oo"
  },
  {
    "url" : "http://hl7.org/fhir/StructureDefinition/structuredefinition-standards-status",
    "valueCode" : "normative"
  },
  {
    "url" : "http://hl7.org/fhir/StructureDefinition/structuredefinition-fmm",
    "valueInteger" : 5
  },
  {
    "url" : "http://hl7.org/fhir/StructureDefinition/structuredefinition-normative-version",
    "valueCode" : "4.0.0"
  }],
  "url" : "http://hl7.org/fhir/ValueSet/observation-status",
  "identifier" : [{
    "system" : "urn:ietf:rfc:3986",
    "value" : "urn:oid:2.16.840.1.113883.4.642.3.400"
  }],
  "version" : "0.1.0",
  "name" : "ObservationStatus",
  "title" : "ObservationStatus",
  "status" : "active",
  "experimental" : false,
  "date" : "2019-11-01T09:29:23+11:00",
  "publisher" : "Example Publisher",
  "contact" : [{
    "name" : "Example Publisher",
    "telecom" : [{
      "system" : "url",
      "value" : "http://example.org/example-publisher"
    }]
  }],
  "description" : "Codes providing the status of an observation.",
  "immutable" : true,
  "compose" : {
    "include" : [{
      "system" : "http://hl7.org/fhir/observation-status"
    }]
  }
}